,lga,Borehole,Don't Know,Handpump,Overhead Tank,Rainwater Harvesting System,Tap,Unimproved,Unimproved Large Diameter Well,Unimproved Rainwater Harvesting System,Unimproved Well,Unprotected Spring,Untreated Surface Water,,Average Nighttime mean,system:index,AREA,STATE,Latitude,Longitude,PERIMETER,Population
600,abia aba north,2,0,0,0,0,37,0,0,0,0,0,0,,3.422659343,698,18.116,Abia,5.100754338,7.35961746,31.927,245825.278
707,abia aba south,1,2,0,0,0,12,0,0,0,0,0,0,,1.949728226,699,51.131,Abia,5.071438184,7.341737236,29.855,380211.9108
390,abia arochukwu,0,0,3,17,0,3,0,0,0,0,0,0,,0.089510468,656,386.125,Abia,5.498930912,7.795863292,133.618,146354.5149
401,abia bende,13,1,0,0,0,80,1,0,0,2,3,1,,0.076452124,636,603.923,Abia,5.655239193,7.588170143,141.298,236492.5846
590,abia ikwuano,0,3,0,0,0,120,0,0,0,0,0,0,,0.066904772,674,237.941,Abia,5.384023822,7.56831668,78.189,153494.9633
182,abia isiala ngwa north,2,0,0,0,0,47,2,0,0,1,0,0,,0.089842249,677,253.472,Abia,5.370156308,7.406566047,87.648,231792.9538
671,abia isiala ngwa south,0,0,3,64,0,19,1,0,0,0,0,0,,0.185484249,681,261.344,Abia,5.267831539,7.390570499,88.729,267528.7557
111,abia isuikwuato,21,0,0,0,0,55,3,0,0,3,4,0,,0.053775774,633,336.384,Abia,5.762120208,7.463058765,83.375,185895.9741
673,abia obi ngwa,0,2,7,0,0,86,0,4,0,0,0,0,,0.797231575,685,374.566,Abia,5.127125924,7.455779945,92.194,463748.4541
325,abia ohafia,2,0,0,0,0,43,0,2,0,0,0,0,,0.060667726,639,568.415,Abia,5.656081156,7.77802084,114.317,199576.7376
61,abia osisioma ngwa,1,1,0,0,0,21,0,0,0,0,0,0,,0.759793082,684,192.718,Abia,5.177648891,7.319388523,67.527,558677.8389
341,abia ugwunagbo,3,14,0,0,0,87,0,0,0,10,0,0,,0.369911881,707,106.283,Abia,5.006283015,7.339427888,51.132,86627.5702
314,abia ukwa east,0,0,8,15,0,1,0,0,0,0,0,0,,0.148015976,710,246.503,Abia,4.923012669,7.407905229,82.923,67470.8249
475,abia ukwa west,0,2,0,0,0,57,0,0,0,0,0,0,,0.959377897,702,293.335,Abia,4.954009236,7.239266452,73.3,106842.7926
295,abia umuahia north,0,8,0,0,0,98,2,0,0,6,0,0,,0.65489554,655,231.14,Abia,5.557996042,7.468691652,74.446,308068.8085
177,abia umuahia south,4,2,0,0,0,33,0,0,0,0,0,0,,0.180776273,670,131.269,Abia,5.462338035,7.439974237,53.22,224345.4052
679,abia umunneochi,0,0,0,23,0,3,8,0,0,0,0,0,,0.028508886,617,451.958,Abia,5.939977755,7.41034335,84.996,220614.5579
620,adamawa demsa,35,0,0,0,0,43,0,0,0,0,0,0,,0.057635126,281,2289.566,Adamawa,9.364226887,12.1814434,229.339,150469.6337
658,adamawa fufore,0,0,165,30,0,8,3,0,0,0,0,0,,-0.004980624,276,4270.342,Adamawa,9.166311153,12.63841247,433.228,239979.6884
147,adamawa ganaye,9,0,0,0,0,153,0,0,0,0,0,0,,-0.006360987,343,1834.296,Adamawa,8.414845176,11.9864478,224.221,192931.6416
447,adamawa gayuk,35,4,0,0,0,29,0,0,0,7,0,1,,-0.0119069,244,1865.627,Adamawa,10.18686968,12.64760147,194.495,181186.8923
377,adamawa gombi,27,32,0,0,0,62,0,0,0,3,0,0,,0.024153636,285,1084.333,Adamawa,9.430360776,12.5899079,158.498,200932.5643
601,adamawa grie,73,1,67,0,0,157,5,14,0,0,0,0,,-0.003953803,264,699.835,Adamawa,9.82368663,11.99835965,130.547,136843.6889
574,adamawa hong,40,0,0,0,0,173,0,0,0,14,0,0,,-0.009042694,239,2732.219,Adamawa,10.30344733,13.02889157,220.773,231758.0337
462,adamawa jada,88,0,0,0,0,51,0,0,0,4,0,2,,-0.000657,334,1776.035,Adamawa,8.668160919,12.41448062,226.688,197998.8036
696,adamawa lamurde,0,0,34,0,0,1,0,1,0,0,0,0,,0.030472279,279,1167.036,Adamawa,9.568231386,11.80851897,154.327,78434.1592
692,adamawa madagali,121,7,0,0,0,21,0,0,0,4,0,0,,-0.003766043,221,498.673,Adamawa,10.83897145,13.54326112,97.89,128574.8406
711,adamawa maiha,0,0,225,12,0,11,1,0,0,0,0,0,,-0.017190038,254,530.763,Adamawa,9.887456793,13.22483752,161.644,94183.1496
207,adamawa mayo belwa,51,64,0,0,0,16,0,0,0,17,1,0,,-0.006342652,310,2175.744,Adamawa,8.867928043,12.05996265,279.185,197334.9529
466,adamawa michika,4,1,164,0,0,19,1,38,0,0,0,0,,-0.0189067,225,689.417,Adamawa,10.60764886,13.45078284,116.98,158182.441
670,adamawa mubi north,0,0,46,10,0,0,0,0,0,0,0,0,,0.001949576,243,687.937,Adamawa,10.32686924,13.38032452,126.823,180307.1535
433,adamawa mubi south,76,0,0,0,0,13,0,0,0,0,0,0,,-0.017975349,252,185.577,Adamawa,10.19038018,13.39325654,57.961,170740.0858
541,adamawa numan,30,2,0,0,0,4,0,0,0,1,0,0,,0.010517926,283,813.295,Adamawa,9.452740537,11.93493389,177.191,80331.0079
193,adamawa shelleng,0,0,72,21,0,0,3,0,0,0,0,0,,-0.018019296,249,1605.411,Adamawa,9.922920132,12.22929807,202.623,121762.492
79,adamawa song,0,114,1,0,0,0,0,0,0,0,0,0,,-0.013663465,263,4324.615,Adamawa,9.811197199,12.73161841,321.632,239863.3654
101,adamawa teungo,0,13,0,0,0,80,0,0,0,0,0,0,,-0.006275245,358,4627.869,Adamawa,8.001850471,11.85056626,340.831,49834.2979
625,adamawa yola north,0,1,0,0,0,44,0,0,0,0,0,0,,0.58375873,302,139.997,Adamawa,9.251618228,12.52006908,50.841,206303.3767
21,adamawa yola south,4,1,0,0,0,71,0,0,0,1,0,0,,0.171310929,306,370.27,Adamawa,9.157369439,12.59183879,90.685,368752.0384
244,akwa ibom abak,0,3,0,0,0,71,0,0,0,0,0,0,,0.143322189,701,177.485,Akwa Ibom,5.006098356,7.760621548,78.365,161657.0086
493,akwa ibom eastern obolo,28,6,0,0,0,18,1,0,0,3,11,2,,0.338363098,747,109.034,Akwa Ibom,4.516033702,7.684731485,75.93,19312.3599
524,akwa ibom eket,17,1,0,0,0,85,0,0,0,0,0,0,,2.721918416,738,189.114,Akwa Ibom,4.628249078,7.942930075,64.858,231350.8815
265,akwa ibom esit eket,0,0,11,72,0,12,1,0,0,0,0,0,,2.016389527,741,139.599,Akwa Ibom,4.63339369,8.067647956,48.16,53616.3324
27,akwa ibom essien udim,0,6,0,0,0,87,0,0,0,0,0,0,,0.147469807,697,299.011,Akwa Ibom,5.099093944,7.638979579,81.343,115335.0762
455,akwa ibom etim eko,0,1,0,0,0,67,0,0,0,0,0,1,,0.045941016,709,193.536,Akwa Ibom,4.960886861,7.590374259,74.743,91539.0515
84,akwa ibom etinan,0,1,0,0,0,31,0,0,0,0,0,0,,0.177722975,717,171.492,Akwa Ibom,4.801230423,7.834806511,74.423,78133.4383
742,akwa ibom ibeno,10,1,0,0,0,55,0,0,0,1,0,0,,28.57227675,746,213.383,Akwa Ibom,4.562158435,8.101790693,118.972,44222.9481
585,akwa ibom ibesikpo asutan,1,0,0,0,0,10,0,0,0,0,0,0,,0.377408048,712,175.745,Akwa Ibom,4.911515322,7.940851365,58.348,202048.984
204,akwa ibom ibiono ibom,0,0,0,17,0,20,0,0,0,0,0,0,,0.240101098,680,316.253,Akwa Ibom,5.199930525,7.881162351,98.815,104322.6338
160,akwa ibom ika,0,6,0,0,0,47,0,0,0,0,0,0,,0.067295457,706,130.881,Akwa Ibom,5.001235389,7.525873153,54.515,37501.5796
31,akwa ibom ikono,16,0,0,0,0,86,0,0,0,0,0,0,,0.244640878,682,269.755,Akwa Ibom,5.207500248,7.776426684,85.945,116095.6231
446,akwa ibom ikot abasi,36,18,0,0,0,58,0,0,0,8,0,7,,0.262474626,740,338.5,Akwa Ibom,4.601067506,7.627443291,83.543,124116.7133
759,akwa ibom ikot ekpene,23,4,0,0,0,110,0,0,0,0,0,0,,0.324239776,689,133.545,Akwa Ibom,5.187059079,7.683819156,51.313,227297.7474
627,akwa ibom ini,0,0,11,18,0,6,0,0,0,0,0,0,,0.050369954,669,473.182,Akwa Ibom,5.397681646,7.734272512,101.17,96777.1229
351,akwa ibom itu,2,0,0,0,0,45,0,0,0,0,0,0,,0.558307875,688,255.877,Akwa Ibom,5.148023311,7.978690337,79.634,141059.5835
243,akwa ibom mbo,30,2,1,0,0,70,0,0,0,0,0,0,,0.436601029,734,231.496,Akwa Ibom,4.646743486,8.240818505,72.887,69092.5893
170,akwa ibom mpkat enin,26,2,0,0,0,164,0,0,0,15,1,1,,0.209349406,722,347.08,Akwa Ibom,4.687933422,7.756467552,117.661,82999.1979
594,akwa ibom nsit atai,0,0,0,0,0,16,0,0,0,0,0,0,,0.165993676,721,131.734,Akwa Ibom,4.817696341,8.025931651,49.037,46886.9437
603,akwa ibom nsit ibom,19,7,0,0,0,112,0,0,0,0,1,0,,0.17663915,713,119.971,Akwa Ibom,4.878504208,7.882292912,58.007,55409.4971
144,akwa ibom nsit ubium,0,20,12,0,0,109,0,0,0,0,0,0,,0.306336106,725,204.246,Akwa Ibom,4.742737273,7.948754842,60.003,88812.3168
509,akwa ibom obot akara,0,0,0,0,0,63,0,0,0,1,0,0,,0.085942514,683,232.632,Akwa Ibom,5.241882375,7.589776331,69.045,74362.8989
94,akwa ibom okobo,30,8,0,0,0,27,0,0,0,0,0,0,,0.13697183,719,275.251,Akwa Ibom,4.803958622,8.118507664,80.225,61470.6669
48,akwa ibom onna,63,0,0,0,0,90,0,0,0,0,0,0,,0.608465127,739,151.591,Akwa Ibom,4.615966734,7.848686869,60.525,69201.6557
97,akwa ibom oron,11,0,0,0,0,91,0,0,0,0,0,0,,0.204174102,774,81.472,Akwa Ibom,4.779526213,8.251202156,57.846,119312.8096
138,akwa ibom oruk anam,4,2,21,0,0,77,1,0,0,0,0,0,,0.059491336,716,470.35,Akwa Ibom,4.795128064,7.655561094,102.778,136993.3138
235,akwa ibom udung uko,0,0,12,35,0,9,10,0,0,0,0,0,,0.145100359,730,53.736,Akwa Ibom,4.745103565,8.241685812,35.684,20599.6845
128,akwa ibom ukanafun,11,0,0,0,0,32,0,0,0,0,0,7,,0.04962264,711,279.592,Akwa Ibom,4.879845413,7.598512292,89.558,107806.5606
551,akwa ibom uruan,54,5,0,0,0,65,0,0,0,0,0,0,,0.325948581,700,291.551,Akwa Ibom,4.983042047,8.042332121,89.334,117372.1739
744,akwa ibom urue offong oruko,2,15,0,0,0,74,1,0,0,0,0,0,,0.194968689,731,127.666,Akwa Ibom,4.710338154,8.158939634,51.303,48854.2567
731,akwa ibom uyo,17,0,0,0,0,16,0,0,0,0,1,0,,2.214396498,704,188.375,Akwa Ibom,5.005173783,7.898351423,97.473,542051.0411
508,anambra aguata,23,5,0,0,0,51,3,0,0,4,0,0,,0.239580589,616,162.798,Anambra,5.974717947,7.046606351,54.538,436697.0714
319,anambra anambra east,0,0,0,6,0,1,0,0,0,0,0,0,,0.370568918,575,380.294,Anambra,6.298195667,6.857310435,97.287,102936.7594
42,anambra anambra west,11,3,55,0,0,44,0,0,0,0,0,0,,0.035148183,535,743.236,Anambra,6.490933791,6.799636875,155.613,27477.1951
231,anambra anaocha,2,1,0,0,0,80,0,0,0,4,0,0,,0.295962236,602,105.321,Anambra,6.074199998,6.995682913,53.252,164136.1385
706,anambra awka north,2,1,3,0,0,55,1,1,0,0,0,0,,0.139311211,577,389.636,Anambra,6.329009787,7.04082127,81.161,65268.241
643,anambra awka south,24,0,0,0,0,74,0,0,0,1,0,0,,0.971216758,596,171.447,Anambra,6.177681443,7.061528258,55.585,243014.3155
735,anambra ayamelum,0,0,16,1,0,0,0,0,0,0,0,0,,0.029731711,541,570.041,Anambra,6.568544978,6.97476177,123.942,75584.5071
581,anambra dunukofia,0,0,1,94,0,4,2,0,0,0,0,0,,0.44490345,591,58.595,Anambra,6.222779447,6.936867761,48.573,76836.4904
414,anambra ekwusigo,48,1,0,0,0,76,0,0,0,1,0,0,,0.51273581,611,107.371,Anambra,5.989851887,6.824937001,50.143,247284.6498
747,anambra idemili north,10,2,0,0,0,54,0,0,0,0,0,0,,1.330278063,603,87.655,Anambra,6.106388594,6.883223364,45.71,575468.8109
221,anambra idemili south,23,9,0,0,0,76,4,0,0,9,0,0,,0.697344461,608,111.133,Anambra,6.058429623,6.878222239,59.047,241855.6171
481,anambra ihiala,1,3,0,0,0,92,0,0,0,0,0,0,,0.163842537,631,222.332,Anambra,5.827074157,6.855384875,67.256,357811.2608
63,anambra njikoka,73,0,0,0,0,106,0,0,0,0,0,0,,0.569081898,597,94.111,Anambra,6.173702942,6.966262209,47.434,192143.9473
484,anambra nnewi north,6,0,0,0,0,53,1,0,0,0,0,0,,0.908528456,612,64.805,Anambra,5.988821657,6.884558206,38.631,221114.916
347,anambra nnewi south,0,0,0,34,0,10,0,0,0,0,0,0,,0.347799107,620,168.774,Anambra,5.927793556,6.92003924,71.588,212751.7749
52,anambra ogbaru,1,10,0,0,0,208,0,0,0,0,0,0,,0.519564873,610,398.903,Anambra,5.854825812,6.722517553,102.653,160155.3636
756,anambra onitsha,2,0,0,0,0,50,0,0,0,0,0,0,,3.147911307,605,28.143,Anambra,6.110008079,6.784489526,23.46,202210.3353
122,anambra onitsha north,3,0,0,0,0,46,1,0,0,0,0,0,,0.589433046,607,17.16,Anambra,6.077638522,6.754701648,16.732,84706.0179
136,anambra orumba north,0,2,0,0,0,52,2,0,0,0,2,0,,0.170412631,598,364.756,Anambra,6.094551787,7.146126859,95.183,117156.0359
612,anambra orumba south,1,3,1,0,0,67,0,0,0,0,0,0,,0.037180685,614,231.92,Anambra,5.980174023,7.219784987,70.712,169796.0113
141,anambra oyi,6,2,0,0,0,115,0,0,0,1,0,0,,0.943519845,590,131.681,Anambra,6.193537183,6.87294348,57.057,254355.5521
13,bauchi alkaleri,138,1,0,0,0,1,0,0,0,82,1,0,,-0.012105507,250,6133.911,Bauchi,9.857096466,10.51548187,387.282,362218.7402
722,bauchi bauchi,143,14,0,0,0,37,2,0,0,79,2,3,,0.062811582,241,3976.84,Bauchi,10.21572109,9.947538904,292.294,1106399.687
12,bauchi bogoro,39,30,0,0,0,22,0,0,0,15,0,3,,-0.010802112,277,653.946,Bauchi,9.63070195,9.607500311,107.026,73421.4601
366,bauchi dambam,119,0,0,0,0,25,0,0,0,81,0,0,,0.009743745,163,988.286,Bauchi,11.58617408,10.82629041,129.903,186966.9639
739,bauchi darazo,33,34,0,0,0,45,0,0,0,86,0,0,,-0.002040799,196,2498.174,Bauchi,11.13608991,10.62480832,277.019,374451.2703
64,bauchi dass,87,3,0,0,0,2,0,0,0,146,1,0,,-0.008027794,259,528.632,Bauchi,9.997326957,9.477049953,95.753,68763.5707
548,bauchi gamawa,24,0,0,0,0,51,1,0,0,80,1,2,,0.004188126,97,2980.671,Bauchi,12.0205131,10.6215411,244.217,324234.8112
410,bauchi ganjuwa,5,1,206,0,0,25,0,3,0,0,0,0,,-0.017366991,215,5305.348,Bauchi,10.73273513,10.02398979,371.544,492864.8898
655,bauchi giade,127,3,0,0,0,40,0,0,0,41,0,0,,0.001089729,182,656.404,Bauchi,11.38637711,10.25704036,132.978,194222.8249
227,bauchi itas gadau,0,0,95,0,0,14,0,0,0,0,0,0,,0.003665154,131,1545.691,Bauchi,11.84799724,10.0531601,232.697,269534.8425
545,bauchi jama are,202,1,0,0,0,15,0,0,0,148,1,0,,0.017759418,165,549.474,Bauchi,11.67476838,9.932731365,109.066,78398.9897
199,bauchi katagum,1,0,0,0,0,0,0,0,0,0,0,0,,0.033905832,160,1952.149,Bauchi,11.61705844,10.27555675,323.023,509023.2961
552,bauchi kirfi,0,0,103,0,0,24,0,0,0,0,0,0,,-0.009044492,230,2526.468,Bauchi,10.40618407,10.5701701,203.789,169863.8847
342,bauchi misau,54,3,0,0,0,70,0,0,0,63,0,0,,0.003731099,185,1216.757,Bauchi,11.361715,10.50081734,171.161,254129.1898
424,bauchi ningi,100,0,0,0,0,31,1,0,0,36,0,0,,-0.005676119,202,5194.948,Bauchi,11.02346261,9.209002617,296.504,402363.3813
358,bauchi shira,18,0,0,0,0,27,0,0,0,5,0,0,,-0.003260689,181,908.407,Bauchi,11.42629799,10.08963259,127.18,301452.7932
701,bauchi tafawa balewa,40,0,0,0,0,0,0,0,0,52,0,0,,-0.010850502,253,2188.108,Bauchi,9.821817066,9.535744422,308.155,224143.708
210,bauchi toro,159,2,0,0,0,10,1,0,0,147,7,0,,-0.004898088,222,7111.208,Bauchi,10.39841051,9.211837228,408.122,427405.9482
514,bauchi warji,89,1,0,0,0,59,0,0,0,0,0,0,,0.000166,204,650.683,Bauchi,11.13648212,9.748367342,98.432,100757.2783
619,bayelsa brass,29,0,2,0,0,27,9,11,0,0,0,0,,2.413668445,733,1913.948,Bayelsa,4.457937412,6.382969789,330.64,55998.3922
375,bayelsa ekeremor,0,0,5,48,0,25,0,0,0,0,0,0,,1.057892503,696,1866.706,Bayelsa,4.946600447,5.690094081,217.528,102513.8792
301,bayelsa kolokuma opokuma,0,0,5,66,0,44,3,0,0,0,0,0,,0.760767173,692,444.124,Bayelsa,5.08284065,6.266153951,104.426,48605.1011
418,bayelsa nembe,0,0,5,66,0,5,22,0,0,0,0,0,,10.69227345,742,940.308,Bayelsa,4.50931175,6.346443632,142.85,32004.9445
252,bayelsa ogbia,0,5,0,0,0,47,0,0,0,1,0,1,,1.336557527,715,753.329,Bayelsa,4.74924154,6.32063752,144.208,154405.6104
736,bayelsa sagbama,40,7,17,0,0,100,3,1,0,0,0,0,,0.318002039,679,894.395,Bayelsa,5.112981541,6.183005503,252.89,103732.1235
534,bayelsa southern ijaw,1,2,2,0,0,116,0,0,0,0,0,0,,0.852713931,708,2639.512,Bayelsa,4.669055961,5.922694051,278.181,136499.6541
437,bayelsa yenagoa,0,7,0,0,0,95,0,0,0,0,0,0,,3.989982477,678,747.564,Bayelsa,5.080931831,6.386172758,203.642,466191.9304
134,benue ado,4,0,165,0,0,2,0,7,0,0,0,0,,-0.006755062,513,1046.856,Benue,6.77366186,7.976493576,151.053,97320.3358
180,benue agatu,23,11,0,0,0,17,1,0,0,68,0,0,,-0.002805334,389,1250.779,Benue,7.854869729,7.906101207,163.301,97127.425
339,benue apa,18,2,0,0,0,2,0,0,0,30,1,0,,-0.006729207,420,893.602,Benue,7.61159785,7.888079285,118.497,156849.381
504,benue buruku,113,4,0,0,0,57,1,0,0,182,2,0,,0.011702884,432,1590.457,Benue,7.373239474,9.143150436,235.885,203786.1252
345,benue gboko,36,3,0,0,0,46,0,0,0,3,0,2,,0.110020245,447,1928.288,Benue,7.321215008,8.864007789,214.203,366013.4358
657,benue guma,82,5,0,0,0,55,2,0,0,111,6,4,,-0.002970153,373,2816.251,Benue,7.910057467,8.736229154,264.898,137860.6573
53,benue gwer east,43,4,0,0,0,38,0,0,0,76,0,1,,0.021234191,435,2480.175,Benue,7.358386549,8.420729979,240.002,173199.4237
714,benue gwer west,2,6,22,0,0,2,18,16,5,0,0,0,,0.005563953,409,1245.699,Benue,7.632111561,8.216564874,144.894,99899.19
29,benue katsina ala,103,0,0,0,0,14,1,0,0,18,0,0,,-0.008645593,445,2700.759,Benue,7.321699776,9.570645,251.782,411120.5548
259,benue konshisha,39,20,0,0,0,62,4,0,0,114,0,0,,0.002423673,477,1542.866,Benue,7.029929957,8.660368615,196.88,191629.5787
717,benue kwande,7,15,0,0,0,72,1,0,0,87,0,0,,-0.00517092,486,3077.589,Benue,6.822015632,9.500928944,299.203,374194.2894
305,benue logo,0,1,72,0,0,14,0,0,0,0,0,0,,-0.000352,401,1383.538,Benue,7.708541192,9.22626636,185.067,289361.0838
16,benue makurdi,52,1,0,0,0,29,1,0,0,19,0,1,,0.375856444,407,837.854,Benue,7.704199152,8.535874668,108.515,484382.0264
236,benue obi,153,0,0,0,0,52,44,0,0,121,0,0,,0.024439766,504,419.133,Benue,6.975769994,8.277010969,92.957,89982.8918
396,benue ogbadibo,14,0,0,0,0,17,7,0,0,1,0,1,,0.010736552,499,516.292,Benue,6.972802945,7.65712888,116.152,123109.639
464,benue ohimini,1,2,0,0,0,33,2,0,0,9,1,0,,0.021308336,480,632.463,Benue,7.207440188,7.949890761,106.807,90467.0966
77,benue oju,68,6,0,0,0,112,1,0,0,10,0,0,,0.036995951,511,1099.64,Benue,6.830370304,8.359106027,173.859,123143.0426
146,benue okpokwu,24,0,0,0,0,23,0,0,0,10,0,0,,-0.002416685,494,726.903,Benue,7.010938278,7.851019985,143.128,132298.7832
289,benue oturkpo,5,0,0,0,0,9,0,0,0,9,0,0,,0.120614301,443,1338.187,Benue,7.266962248,8.067640674,220.928,159855.4928
211,benue tarka,33,106,0,0,0,81,6,0,0,892,4,2,,0.081796843,428,384.891,Benue,7.58395682,8.850287453,83.03,53304.5592
402,benue ukum,48,29,0,0,0,42,0,0,0,70,0,3,,-0.012899769,403,1515.396,Benue,7.652141715,9.583520569,159.013,339565.3791
630,benue ushongo,60,1,0,0,0,89,1,0,0,120,0,1,,0.003657188,491,1268.178,Benue,7.044107443,9.088712921,196.014,124189.5578
495,benue vandeikya,120,5,0,0,0,18,1,0,0,203,0,2,,-0.0016449,512,766.631,Benue,6.830871318,9.055975942,122.298,129127.1265
364,borno askira uba,3,0,0,0,0,46,0,0,0,0,0,0,,-0.017671898,223,2198.599,Borno,10.64062904,13.02572894,275.575,281027.3177
589,borno bama,0,88,0,0,0,44,0,0,0,4,0,0,,-0.001912477,157,4486.311,Borno,11.5505769,14.15011944,333.282,250440.4888
595,borno bayo,3,1,0,0,0,62,0,0,0,0,0,0,,-0.005910769,227,1065.878,Borno,10.42057698,11.78995132,152.602,168992.5932
65,borno biu,14,0,0,0,0,62,0,0,0,1,0,0,,-0.007042969,214,3326.788,Borno,10.79187619,12.18489382,268.829,289775.9136
383,borno dikwa,19,0,0,0,0,51,0,0,0,0,0,0,,0.001068616,122,1791.347,Borno,11.91447882,14.12030319,199.168,102234.1057
444,borno gubio,11,0,0,0,0,7,0,0,0,1,0,0,,0.000283,37,2504.059,Borno,12.66355235,12.79492413,215.022,171860.1275
741,borno guzamala,13,2,1,0,0,15,0,0,0,0,0,0,,-0.003590599,23,2313.066,Borno,12.87652106,13.27319115,245.222,127734.4799
191,borno hawul,17,6,0,0,0,56,0,0,0,1,0,0,,0.002417804,233,2079.023,Borno,10.45714313,12.37203964,217.165,253529.6761
435,borno jere,2,2,0,0,0,25,0,0,0,0,0,0,,0.040320758,123,873.84,Borno,11.90229268,13.25051564,184.365,445745.4384
412,borno kaga,9,2,0,0,0,43,0,0,0,0,0,0,,-0.008462529,149,2773.567,Borno,11.64686882,12.54235674,238.477,130899.3899
296,borno kala balge,19,4,4,0,0,17,4,1,0,0,0,0,,-0.003355443,96,1241.455,Borno,12.03717258,14.52584329,188.29,67193.308
376,borno konduga,74,8,0,0,0,8,0,0,0,0,0,0,,0.025552605,119,5889.791,Borno,11.61215034,13.18172978,515.01,194740.7099
212,borno kukawa,47,7,0,0,0,49,0,0,0,1,0,0,,-0.002342662,14,2086.713,Borno,12.98130153,13.59553353,273.008,136617.853
5,borno mafa,0,2,0,0,0,60,0,0,0,0,1,0,,0.006400776,103,2933.849,Borno,12.0127148,13.61784753,270.565,141063.0577
575,borno magumeri,4,0,0,0,0,39,0,0,0,2,0,0,,-0.003684781,79,5133.506,Borno,12.17777926,12.67468465,305.925,272045.2321
565,borno maiduguri,12,1,0,0,0,28,0,0,0,1,0,2,,1.014361032,148,131.23,Borno,11.85275147,13.19961504,54.355,635562.262
158,borno marte,4,0,0,0,0,23,0,0,0,3,0,0,,-0.000289,751,2283.258,Borno,12.33787792,13.85996069,238.341,154938.5883
400,borno mobbar,17,1,0,0,0,40,0,0,0,0,0,0,,0.007709122,752,3244.578,Borno,13.05313572,12.70124146,298.171,192501.7927
510,borno ngala,0,0,0,0,0,32,0,0,0,0,1,0,,-0.007311463,90,1328.809,Borno,12.19786195,14.27299468,153.916,145226.4957
699,borno nganzai,9,0,0,0,0,13,0,0,0,2,0,1,,0.002294147,48,2502.439,Borno,12.48698824,13.17752524,243.165,143482.0664
291,borno shani,0,10,13,0,0,8,13,1,0,0,0,0,,-0.011039936,246,1197.438,Borno,10.17414081,12.06538259,150.52,229340.1423
110,cross river abi,15,1,0,0,0,78,1,0,0,1,1,0,,0.033132889,621,286.553,Cross River,5.893076373,8.008272591,95.948,104224.5216
719,cross river akamkpa,17,13,0,0,0,81,0,0,0,1,1,0,,0.029720776,644,5364.582,Cross River,5.392125027,8.512955944,313.13,113083.7172
92,cross river akpabuyo,14,5,0,0,0,87,5,0,0,0,1,0,,0.235302567,703,788.467,Cross River,4.894734498,8.460709596,160.101,150813.4611
474,cross river bekwara,21,1,0,0,0,143,4,0,0,114,0,1,,0.004987691,531,314.478,Cross River,6.680814147,8.902442361,75.267,206947.6159
428,cross river biase,10,11,0,0,0,121,1,0,0,7,0,0,,0.022844805,643,1259.1,Cross River,5.530616406,8.042000429,160.852,102120.1199
702,cross river boki,1,4,171,0,0,38,0,3,0,0,0,0,,-0.012700187,563,2920.989,Cross River,6.262513029,8.990905206,238.495,186000.0195
255,cross river calabar municipal,145,1,0,0,0,175,0,0,0,1,0,1,,1.959756607,705,159.688,Cross River,4.995681936,8.315485437,62.032,116264.7902
302,cross river calabar south,140,2,0,0,0,137,0,0,0,14,1,0,,0.116433914,750,116.018,Cross River,4.880046111,8.261661602,69.79,468435.1919
208,cross river etung,15,21,0,0,0,59,0,0,0,3,1,0,,-0.021257644,615,906.435,Cross River,5.838645707,8.775233591,148.887,56484.5846
357,cross river ikom,47,14,0,0,0,63,0,0,0,1,6,2,,-0.00027,584,2009.384,Cross River,6.063318329,8.589229701,216.359,207818.667
226,cross river obanliku,14,4,0,0,0,61,0,0,0,11,0,0,,0.008417894,547,969.419,Cross River,6.509171851,9.289703683,153.555,139015.9681
43,cross river obubra,35,10,0,0,0,148,1,0,0,9,0,2,,0.006680311,594,1161.558,Cross River,5.975039277,8.342099597,190.086,139957.2753
32,cross river obudu,36,1,0,0,0,126,0,0,0,14,1,0,,0.041086985,548,380.983,Cross River,6.559269698,9.038742697,103.173,169041.6584
380,cross river odukpani,0,0,12,0,0,70,0,0,0,0,0,0,,0.055515601,672,1120.03,Cross River,5.156636617,8.121019059,225.605,229780.6389
370,cross river ogoja,58,1,0,0,0,77,0,0,0,1,1,0,,0.010631399,545,978.429,Cross River,6.495148445,8.706222025,196.574,181443.2738
554,cross river yakurr,98,2,0,0,0,331,1,0,0,3,1,0,,0.021603566,623,671.75,Cross River,5.790790888,8.152380291,113.351,166451.1264
58,cross river yala,0,2,111,0,0,43,0,1,1,0,0,0,,0.009492895,522,1766.567,Cross River,6.654956036,8.584073028,248.897,212311.1729
22,delta aniocha north,0,1,0,0,0,15,0,0,0,7,0,0,,0.037801035,572,467.838,Delta,6.362373599,6.479313473,108.565,115125.7639
282,delta aniocha south,29,1,0,0,0,48,14,0,0,1,2,0,,0.078214685,592,868.426,Delta,6.12828811,6.483341554,139.207,175655.2
730,delta bomadi,0,0,6,27,0,7,0,0,0,0,0,0,,0.096333457,767,125.056,Delta,5.204623889,5.85268573,104.863,38411.9059
587,delta burutu,0,0,5,56,1,11,8,0,0,0,0,0,,0.13905414,675,1826.651,Delta,5.234538472,5.589717721,300.455,56573.5592
50,delta ethiope east,5,0,0,0,0,144,0,0,0,11,0,3,,0.291504546,769,388.51,Delta,5.687990598,5.984137042,115.623,153983.2985
150,delta ethiope west,4,4,10,0,0,80,3,8,0,0,0,0,,0.703103922,613,545.782,Delta,5.919964022,5.729387148,121.195,217226.3796
304,delta ika north,1,0,0,0,0,88,16,0,0,8,0,1,,0.076645116,583,505.941,Delta,6.228645124,6.289631095,118.078,138841.2073
263,delta ika south,4,3,0,0,0,223,4,0,0,0,0,0,,0.175979013,587,543.252,Delta,6.175506375,6.180349238,158.834,212473.0897
323,delta isoko north,1,0,0,0,0,102,0,0,0,67,0,0,,0.844770538,770,485.467,Delta,5.524930792,6.23413937,169.369,144938.9699
423,delta isoko south,3,6,0,0,0,94,0,0,0,2,0,0,,0.361931511,666,681.18,Delta,5.382090524,6.214173356,135.47,119714.3161
55,delta ndokwa east,0,0,46,58,1,41,8,0,0,0,0,0,,7.239749161,619,1715.942,Delta,5.670289079,6.507709107,268.931,63546.1978
292,delta ndokwa west,24,1,0,0,0,82,0,0,0,5,0,0,,6.084256737,618,862.988,Delta,5.802950085,6.335875143,183.581,172683.9772
82,delta okpe,13,0,0,0,0,59,0,0,0,53,0,0,,0.443623346,641,438.128,Delta,5.681358951,5.781110429,113.865,100075.3753
306,delta oshimili north,2,51,0,0,0,78,6,0,0,4,0,0,,0.167478238,571,499.511,Delta,6.322734755,6.644453093,119.275,238649.4999
248,delta oshimili south,7,0,0,0,0,80,0,0,0,0,0,0,,0.690527704,595,307.892,Delta,6.09213037,6.681719138,101.388,197977.6817
467,delta patani,8,8,0,0,0,44,1,0,0,0,0,0,,0.126787441,686,211.025,Delta,5.180555001,6.1001111,95.384,27791.0131
367,delta sapele,3,2,0,0,0,76,0,0,0,16,0,0,,2.59592938,627,434.734,Delta,5.825781711,5.642623414,103.379,234314.3093
326,delta udu,0,0,18,33,0,32,8,0,0,0,0,0,,5.323072439,665,135.533,Delta,5.472215179,5.822032182,53.028,200128.0998
245,delta ughelli north,5,1,0,0,0,120,0,0,0,3,0,0,,1.263589689,646,822.466,Delta,5.511216915,6.048206155,223.999,316911.4894
121,delta ughelli south,27,0,0,0,0,78,0,0,0,13,0,0,,2.551891865,663,782.897,Delta,5.340625533,5.893230876,245.817,130100.252
37,delta ukwuani,1,0,8,0,0,88,0,0,0,0,0,0,,8.689126524,624,416.726,Delta,5.844808328,6.237414418,90.142,112091.4528
571,delta uvwie,25,0,0,0,0,22,0,0,0,4,0,0,,4.695164342,658,99.771,Delta,5.571573599,5.776016265,52.264,219953.1106
608,delta warri north,1,7,0,0,0,73,0,0,0,2,0,0,,0.584901025,606,1746.102,Delta,5.879112106,5.252769135,252.816,35259.6832
676,delta warri south,7,2,0,0,0,124,0,0,0,11,0,0,,1.596521839,640,579.727,Delta,5.613793944,5.607036004,136.014,235394.9836
169,delta warri south west,1,1,9,0,0,37,2,0,0,0,0,0,,2.05012709,638,1677.985,Delta,5.571430178,5.409900336,232.485,7330.4822
740,ebonyi abakaliki,19,1,0,0,0,20,0,0,0,9,1,8,,0.091655813,588,538.788,Ebonyi,6.245258485,8.200929715,115.209,209435.7015
381,ebonyi afikpo north,1,0,0,0,0,87,0,0,0,0,2,0,,0.040870734,625,199.676,Ebonyi,5.876505941,7.90796581,65.896,179701.0279
159,ebonyi afikpo south,0,0,45,0,0,9,0,0,0,0,0,0,,0.010400134,626,331.552,Ebonyi,5.831682387,7.802751751,89.97,97846.9439
720,ebonyi ebonyi,15,3,0,0,0,58,1,0,0,6,0,1,,0.224203138,538,457.044,Ebonyi,6.493454443,8.112049561,119.447,339494.7243
631,ebonyi ezza north,78,61,0,0,0,48,3,0,0,33,3,14,,0.009702485,585,306.682,Ebonyi,6.248325375,7.965489198,74.207,103808.4696
632,ebonyi ezza south,0,0,183,6,0,13,10,0,0,0,0,0,,0.014180304,601,329.324,Ebonyi,6.11182265,8.002024081,101.354,111714.3004
473,ebonyi ikwo,1,1,153,0,0,10,0,2,0,0,0,0,,0.003646645,600,463.579,Ebonyi,6.07863875,8.172586212,114.72,355238.0451
98,ebonyi ishielu,0,0,123,3,1,47,29,0,0,0,0,0,,0.014195713,556,915.997,Ebonyi,6.411876639,7.811789081,136.136,137950.5077
580,ebonyi ivo,7,18,0,0,0,52,3,0,0,4,3,1,,0.020051938,622,289.41,Ebonyi,5.894673344,7.611006364,69.047,143742.2859
213,ebonyi izzi,2,0,90,0,0,4,0,0,0,0,0,0,,0.011330273,532,1095.328,Ebonyi,6.504999481,8.264334231,157.832,486500.6744
15,ebonyi ohaozara,0,0,122,2,0,7,0,0,0,0,0,0,,0.03059015,609,301.588,Ebonyi,5.988413162,7.778947188,77.779,193927.4906
638,ebonyi ohaukwu,157,36,0,0,0,122,0,0,0,4,0,0,,0.079823097,544,537.844,Ebonyi,6.515367831,8.008563052,110.995,236376.7022
7,ebonyi onicha,5,20,0,0,0,0,0,0,0,3,0,0,,0.005026283,599,448.79,Ebonyi,6.107157421,7.833381693,116.657,175794.9817
634,edo akoko edo,0,0,20,26,0,62,8,0,0,0,0,0,,0.078387333,448,1300.022,Edo,7.342464971,6.110688504,207.76,126441.257
636,edo egor,1,0,0,0,0,27,0,0,0,11,0,0,,1.058845885,580,107.951,Edo,6.349095537,5.555675851,47.072,545306.6287
140,edo esan central,31,1,0,0,0,41,13,0,0,6,0,3,,0.160966163,530,255.573,Edo,6.71331724,6.228169889,104.891,108583.4243
343,edo esan north east,0,0,0,0,0,24,0,0,0,1,0,0,,0.148509336,521,346.119,Edo,6.757145904,6.373383651,108.48,177680.8083
599,edo esan south east,1,2,0,0,0,36,0,3,0,0,0,0,,0.021805365,534,1275.819,Edo,6.582709425,6.45945927,163.791,75780.5871
186,edo esan west,0,0,0,14,0,12,1,0,0,0,0,0,,0.137059388,529,505.89,Edo,6.654504609,6.111452593,132.532,157251.7167
34,edo etsako central,1,4,0,0,0,36,1,0,0,3,0,0,,0.014358004,497,682.427,Edo,6.956465324,6.503823302,143.335,79365.1006
117,edo etsako east,0,0,5,28,0,5,7,0,0,0,0,0,,0.078849888,475,1232.928,Edo,7.185711248,6.489819578,180.692,121197.8272
183,edo etsako west,0,0,1,0,0,43,0,1,1,0,0,0,,0.138578737,493,970.942,Edo,6.975679232,6.291693921,156.708,223420.4155
700,edo igueben,2,0,0,0,0,10,0,0,0,2,0,0,,0.102413659,552,398.103,Edo,6.50122403,6.219284465,111.964,53344.5201
518,edo ikpoba okha,2,0,0,0,0,141,0,0,0,4,0,0,,1.144924316,581,840.84,Edo,6.164446808,5.622840125,162.369,826000.1532
313,edo oredo,0,1,0,0,0,125,0,0,0,0,0,1,,0.817090553,586,262.469,Edo,6.213638973,5.523658739,82.168,495685.3049
168,edo orhionmwon,1,5,0,0,0,255,0,1,1,0,0,0,,1.585779594,582,2314.122,Edo,6.051644949,5.975670493,264.797,142292.2916
729,edo ovia north east,1,7,0,0,0,103,1,0,0,3,0,0,,0.635410104,527,2369.425,Edo,6.480107187,5.506323442,345.447,238742.5167
266,edo owan east,10,1,0,0,0,33,0,0,0,9,2,0,,0.056095672,489,1237.467,Edo,7.02752013,6.03244493,162.804,97431.8807
748,edo owan west,4,4,0,0,0,26,0,0,0,0,0,1,,0.061246845,506,705.306,Edo,6.902250109,5.87207887,128.408,71964.6956
190,edo uhunmwonde,1,1,0,0,0,84,1,0,0,0,1,0,,0.152083808,533,2027.641,Edo,6.492221916,5.88451998,186.343,366680.6406
558,ekiti ado ekiti,10,0,0,0,0,182,0,0,0,32,0,0,,0.341422325,434,323.285,Ekiti,7.596663669,5.278622535,82.789,563308.2752
617,ekiti efon,0,0,17,28,0,94,2,0,0,0,0,0,,0.073120282,417,178.489,Ekiti,7.661164227,4.955121704,60.518,55118.8644
8,ekiti ekiti east,2,2,61,0,0,29,1,17,0,0,0,0,,0.027952749,412,220.248,Ekiti,7.736422149,5.682819506,71.896,111712.0324
413,ekiti ekiti south west,0,0,54,12,0,176,36,0,0,0,0,0,,0.04714199,441,307.087,Ekiti,7.509142442,5.076424331,83.109,67470.3555
686,ekiti ekiti west,0,0,71,15,0,138,9,0,0,0,0,0,,0.040228858,406,277.023,Ekiti,7.657539393,5.011015819,97.777,111331.8548
569,ekiti emure,30,8,0,0,0,96,1,0,0,105,1,4,,0.028031879,452,287.28,Ekiti,7.426410865,5.506011953,72.517,64423.5307
6,ekiti gbonyin,84,1,0,0,0,79,0,0,0,13,0,2,,0.018137575,427,420.251,Ekiti,7.598727168,5.499043653,107.031,91611.8421
148,ekiti ido osi,37,2,0,0,0,166,0,0,0,22,0,0,,0.078137443,399,262.414,Ekiti,7.840843085,5.168330358,69.305,156107.9381
214,ekiti ijero,1,3,19,0,0,106,6,3,1,0,1,2,,0.045772358,400,347.719,Ekiti,7.816727956,5.039569308,77.034,155667.9321
60,ekiti ikere,28,3,0,0,0,109,0,0,0,72,0,1,,0.181411962,450,204.225,Ekiti,7.483645471,5.219150253,61.707,125810.0766
562,ekiti ikole,2,2,86,0,0,35,3,88,0,0,0,0,,0.01389758,380,1005.353,Ekiti,7.862408059,5.512289218,157.519,148907.5508
361,ekiti ilejemeje,20,1,0,0,0,28,0,0,0,10,0,1,,0.032899788,391,100.102,Ekiti,7.93042652,5.217003545,43.234,28278.8962
192,ekiti irepodun ifelodun,96,5,0,0,0,15,0,0,0,42,0,7,,0.105352896,418,380.122,Ekiti,7.6970178,5.224239015,94.679,114916.1097
277,ekiti ise orun,51,8,0,0,0,109,0,0,0,187,0,0,,0.030714999,761,336.193,Ekiti,7.426272032,5.395239663,93.604,82734.8123
197,ekiti moba,14,7,0,0,0,84,0,0,0,57,0,1,,0.087674097,387,140.162,Ekiti,7.971167119,5.114304393,56.248,96584.7533
479,ekiti oye,0,0,45,17,0,32,21,0,0,0,0,0,,0.024298963,388,468.89,Ekiti,7.858469248,5.33933691,96.735,99727.5589
533,enugu aninri,1,1,98,0,0,6,0,2,0,0,1,2,,0.036227422,604,293.127,Enugu,6.039421992,7.589767856,77.471,107066.2583
697,enugu awgu,13,3,0,0,0,14,1,0,0,2,3,0,,0.141788206,589,451.503,Enugu,6.14519548,7.437002369,96.867,150902.5749
290,enugu enugu east,8,2,0,0,0,17,4,0,0,5,2,0,,0.57383655,555,331.351,Enugu,6.548962616,7.539074218,74.022,328431.374
56,enugu enugu north,0,3,0,0,0,15,2,0,0,3,2,0,,3.462541079,573,158.204,Enugu,6.447309197,7.537338407,65.198,265167.8108
329,enugu enugu south,11,0,0,0,0,9,0,0,0,14,1,2,,1.895001462,578,70.528,Enugu,6.39608161,7.506341278,40.353,203455.5005
745,enugu ezeagu,0,0,1,23,0,37,1,0,0,0,0,0,,0.075567682,566,618.06,Enugu,6.398115629,7.202846137,114.805,179742.0722
153,enugu igbo etiti,0,0,0,0,0,8,0,0,0,0,0,0,,0.064408266,537,348.216,Enugu,6.67496908,7.406507066,77.96,113133.8798
299,enugu igbo eze north,8,0,0,0,0,46,14,0,0,8,1,1,,0.035327126,500,329.982,Enugu,7.009783835,7.438469152,69.29,108773.394
51,enugu igbo eze south,4,0,0,0,0,25,0,0,0,0,0,0,,0.06559927,507,184.238,Enugu,6.955858317,7.352201054,75.474,97396.0604
68,enugu isi uzo,3,1,2,0,0,0,1,0,1,0,0,0,,0.018951468,525,893.94,Enugu,6.730658712,7.692936799,135.109,111648.6699
500,enugu nkanu east,0,0,23,0,0,1,0,0,0,0,0,0,,0.090163535,559,829.008,Enugu,6.299242054,7.652077724,173.685,130290.9692
360,enugu nkanu west,0,4,0,0,0,75,0,0,0,0,0,0,,0.462025449,579,275.984,Enugu,6.310981374,7.50901851,74.576,96747.5779
246,enugu nsukka,1,2,0,0,0,34,0,0,0,0,6,3,,0.149540675,509,499.389,Enugu,6.839199875,7.353340265,126.22,370878.1713
293,enugu oji river,0,0,5,57,1,23,0,0,0,0,0,0,,0.131874361,593,372.979,Enugu,6.152150558,7.269474765,102.628,89078.976
220,enugu udenu,0,7,0,0,0,23,3,0,0,3,0,1,,0.115684929,517,251.162,Enugu,6.861960522,7.549459749,67.231,142060.8562
743,enugu udi,38,3,0,0,0,31,0,0,0,1,0,0,,0.178933778,550,925.411,Enugu,6.475583049,7.309750795,170.566,267391.4286
185,enugu uzo uwani,0,0,2,19,1,2,9,0,0,0,0,0,,0.025978269,520,902.676,Enugu,6.734888056,7.120716267,184.382,92694.5514
288,fct abaji,2,5,25,0,0,82,0,0,0,0,0,0,,0.021536958,308,1002.453,Abuja,8.806423965,6.822686551,257.578,137510.4396
665,fct bwari,10,9,57,0,0,137,0,1,0,0,0,0,,1.679154988,300,818.909,Abuja,9.20786352,7.429934191,153.605,728784.3978
710,fct gwagwalada,59,0,0,0,0,126,0,0,0,38,1,0,,0.107655255,307,967.762,Abuja,9.053900363,6.985332176,129.429,522133.3055
426,fct kuje,1,12,0,0,0,49,0,0,0,0,0,0,,0.012801995,331,1708.466,Abuja,8.638927252,7.230835055,217.281,292352.9377
662,fct kwali,164,4,0,0,0,128,1,0,0,36,0,0,,0.029357349,329,1299.111,Abuja,8.719626437,6.951803966,151.853,236750.4312
135,fct municipal area council,89,1,0,0,0,135,0,0,0,19,0,0,,3.062904556,314,1585.32,Abuja,8.955237074,7.349282513,206.501,1913131.592
272,gombe akko,2,1,152,0,0,98,45,2,1,0,0,0,,0.204100056,245,2864.11,Gombe,10.14825693,11.06931737,266.37,548030.2024
41,gombe balanga,1,1,135,0,0,25,0,3,0,0,0,0,,0.0000367,260,1801.476,Gombe,9.844473884,11.72003397,216.627,214769.5019
633,gombe billiri,86,7,0,0,0,33,0,0,0,0,0,0,,-0.005537116,265,839.195,Gombe,9.881023632,11.18028806,136.965,177841.587
132,gombe dukku,64,1,39,0,0,21,0,0,0,0,0,0,,-0.006666514,205,3692.063,Gombe,10.80601386,10.87001452,270.941,256370.1804
454,gombe funakaye,13,1,0,0,0,1,0,0,0,0,0,0,,0.043252227,218,1415.664,Gombe,10.80644346,11.40955096,150.326,207208.1497
352,gombe gombe,102,2,0,0,0,9,0,0,0,2,0,0,,0.152181353,248,15.194,Gombe,10.31250932,11.24010499,15.776,285470.5997
761,gombe kaltungo,0,3,0,0,0,14,0,0,0,0,0,0,,-0.008582746,262,1061.022,Gombe,9.87648258,11.50372216,143.977,174806.4627
33,gombe kwami,0,0,76,28,0,3,35,0,0,0,0,0,,0.006232231,228,1658.694,Gombe,10.53238485,11.24020958,181.361,300006.3653
322,gombe nafada,0,0,55,35,0,1,53,0,0,0,0,0,,0.002184343,203,1895.418,Gombe,11.10013024,11.21462745,171.672,93525.7254
175,gombe shongom,0,0,57,5,0,1,2,0,0,0,0,0,,-0.011925741,269,851.998,Gombe,9.687557856,11.24573221,127.024,134735.1645
115,gombe yamaltu deba,0,0,103,33,0,3,50,0,0,0,0,0,,0.004686759,237,2169.225,Gombe,10.30178023,11.5398992,217.043,468311.0687
312,imo aboh mbaise,0,1,0,0,0,187,1,0,0,0,0,0,,0.154241151,673,167.423,Imo,5.425494184,7.25180357,71.728,294875.8995
626,imo ahiazu mbaise,10,1,0,0,0,149,1,0,0,0,0,0,,0.180510884,661,101.874,Imo,5.546393699,7.271346947,43.628,246518.3252
40,imo ehime mbano,13,9,0,0,0,18,0,0,0,0,0,0,,0.076361705,649,150.433,Imo,5.664908115,7.303041892,54.315,237419.3011
69,imo ezinihitte,0,0,0,0,0,108,2,0,0,0,0,0,,0.115274221,668,98.884,Imo,5.464619314,7.326616321,41.875,227651.9544
398,imo ideato north,0,3,0,0,0,42,0,0,0,0,0,0,,0.054400293,629,186.445,Imo,5.866929768,7.15943157,73.368,401331.2199
260,imo ideato south,0,1,0,0,0,25,0,0,0,0,1,0,,0.03161456,634,85.381,Imo,5.790747181,7.155467773,39.54,134290.1285
202,imo ihitte uboma,0,8,0,0,0,73,0,0,0,0,13,0,,0.139053909,654,71.269,Imo,5.621824102,7.365254042,44.026,135298.9168
725,imo ikeduru,0,0,3,41,0,50,4,0,0,0,0,0,,0.22380449,660,179.608,Imo,5.550246189,7.164229734,55.451,367991.7583
494,imo isiala mbano,36,4,0,0,0,160,3,0,0,1,0,1,,0.096611405,651,183.36,Imo,5.667665288,7.203378758,64.341,462750.3562
2,imo isu,0,0,2,14,3,29,1,0,0,0,0,0,,0.15513558,653,35.316,Imo,5.678051135,7.070452713,25.166,169808.3465
425,imo mbaitoli,0,5,0,0,0,183,3,0,0,3,0,0,,0.494737345,657,191.677,Imo,5.589524335,7.039378628,64.363,370473.7565
335,imo ngor okpala,1,3,11,0,0,119,0,0,0,0,0,0,,0.092989089,676,606.508,Imo,5.289260168,7.150182266,110.507,280193.0456
174,imo njaba,0,0,3,22,0,30,0,0,0,0,0,0,,0.204243191,648,80.798,Imo,5.700953033,7.026939472,47.548,254749.9835
489,imo nkwerre,0,4,0,0,0,49,1,0,0,1,2,5,,0.112916536,647,39.228,Imo,5.735041917,7.120756015,28.651,115168.9138
80,imo nwangele,3,17,49,0,0,45,3,15,0,0,0,0,,0.127673201,650,54.933,Imo,5.699012412,7.13679959,34.553,233379.408
485,imo obowo,0,0,1,44,0,28,12,0,0,0,0,0,,0.285748634,662,75.792,Imo,5.54926542,7.360098201,35.881,218732.096
713,imo oguta,4,1,0,0,0,94,0,0,0,2,0,6,,5.645851799,645,480.132,Imo,5.658026487,6.812349004,100.352,140054.3646
200,imo ohaji egbema,154,6,0,0,0,175,0,0,0,1,0,0,,1.252819794,659,1151.802,Imo,5.402373934,6.824514409,166.39,331298.7712
105,imo okigwe,2,1,0,0,0,44,3,0,0,0,0,0,,0.042563712,628,267.045,Imo,5.810877556,7.32558642,80.064,228653.5553
644,imo onuimo,0,2,9,0,0,24,0,0,0,0,0,0,,0.028767037,635,85.708,Imo,5.773626739,7.241101354,40.663,132330.6565
14,imo orlu,9,6,0,0,0,54,0,0,0,1,0,1,,0.195530382,632,129.874,Imo,5.797408273,7.058453284,53.244,397624.0214
543,imo orsu,17,2,0,0,0,61,1,0,0,0,1,0,,0.125718848,630,136.963,Imo,5.861484939,6.997592531,49.344,222095.0477
47,imo oru east,0,1,0,0,0,40,4,0,0,0,1,0,,0.208681138,642,143.325,Imo,5.705575535,6.960153214,65.903,273397.3517
348,imo oru west,2,2,0,0,0,43,0,0,0,0,0,0,,0.214189996,637,92.013,Imo,5.742236019,6.91092584,50.475,244718.2341
44,imo owerri municipal,1,0,0,0,0,221,0,0,0,0,0,0,,3.289780336,671,34.244,Imo,5.478296435,7.034816831,23.8,276963.3949
661,imo owerri north,60,0,0,0,0,114,0,0,0,0,0,0,,0.584623202,667,198.882,Imo,5.441537986,7.09805806,73.423,395069.9085
152,imo owerri west,45,1,0,0,0,216,0,0,0,0,0,4,,0.505195252,664,304.436,Imo,5.432261558,6.980410316,90.073,358703.3373
480,jigawa auyo,263,3,0,0,0,36,0,0,0,38,0,1,,0.105367528,91,500.453,Jigawa,12.31550108,9.996892201,153.313,110535.3455
133,jigawa babura,385,0,0,0,0,220,0,0,0,82,0,0,,0.002277919,50,1043.889,Jigawa,12.58695039,8.837529219,154.618,318938.3139
515,jigawa biriniwa,0,0,301,35,0,22,8,0,0,0,0,0,,0.039891673,43,1587.695,Jigawa,12.78274911,10.03348447,173.679,199557.837
432,jigawa birnin kudu,99,4,0,0,0,5,0,0,0,19,0,0,,0.067298841,171,1435.966,Jigawa,11.45117822,9.490816626,177.797,501384.8795
576,jigawa buji,73,0,0,0,0,2,0,0,0,8,1,0,,0.044292758,167,546.281,Jigawa,11.56280156,9.732350811,108.467,157120.4794
28,jigawa dutse,43,5,0,0,0,10,0,0,0,60,1,0,,0.223607522,136,1036.537,Jigawa,11.77489077,9.298269655,155.571,463492.9154
330,jigawa gagarawa,383,15,0,0,0,145,0,0,0,74,0,0,,0.015451098,77,724.154,Jigawa,12.46513378,9.527916544,117.703,85268.174
78,jigawa garki,346,32,0,0,0,82,0,0,0,150,1,0,,0.011491448,84,1297.764,Jigawa,12.37192364,9.081677703,197.344,229456.0766
0,jigawa gumel,237,2,0,0,0,19,0,0,0,29,0,0,,0.316810904,68,238.098,Jigawa,12.5946304,9.362072781,61.613,91314.2524
297,jigawa guri,13,1,445,0,0,36,0,3,0,0,0,0,,0.015305184,53,1074.267,Jigawa,12.61600944,10.45367046,137.085,108190.9033
123,jigawa gwaram,291,4,0,0,0,48,0,0,0,59,0,0,,0.011332317,192,2025.904,Jigawa,11.17834221,9.991843589,245.29,427415.6828
544,jigawa gwiwa,132,0,0,0,0,135,0,0,0,514,1,2,,0.113357986,51,562.784,Jigawa,12.73132618,8.252276287,98.635,99626.6547
498,jigawa hadejia,174,12,0,0,0,123,0,0,0,1,2,0,,1.192634072,88,47.431,Jigawa,12.4271236,10.03112204,27.137,104526.0674
19,jigawa jahun,133,0,0,0,0,50,0,0,0,22,0,1,,0.02559372,121,1201.961,Jigawa,12.03398095,9.537859959,167.701,307127.0333
723,jigawa kafin hausa,35,9,0,0,0,53,0,0,0,14,0,0,,0.013610783,100,1401.166,Jigawa,12.13236422,10.01016008,151.565,314482.8135
276,jigawa kazaure,68,1,0,0,0,132,0,0,0,85,0,0,,0.03947657,54,858.143,Jigawa,12.46961444,9.745257453,189.301,150989.9288
664,jigawa kiri kasama,465,198,0,0,0,220,0,0,0,43,1,0,,0.122230214,65,367.065,Jigawa,12.62412628,8.521348195,122.167,182651.1398
527,jigawa kiyawa,0,0,225,2,0,210,111,0,0,0,0,0,,0.103517109,62,808.531,Jigawa,12.53878906,10.22355906,138.621,171061.1375
762,jigawa kuagama,215,0,0,0,0,114,0,0,0,0,1,0,,0.049419155,144,1106.815,Jigawa,11.81169948,9.575601187,175.273,290124.1109
83,jigawa maigatari,0,0,478,36,0,6,3,0,0,0,0,0,,0.01708663,758,1098.679,Jigawa,12.69140522,9.533658441,151.647,153527.7741
59,jigawa malam madori,498,0,0,0,0,201,2,0,0,13,0,0,,0.14078734,69,787.242,Jigawa,12.52628793,9.982115471,140.602,202428.7714
233,jigawa miga,1,66,305,0,0,21,0,0,0,0,0,0,,0.020466011,106,618.096,Jigawa,12.19122587,9.675586637,112.198,157856.0054
758,jigawa ringim,0,0,597,67,0,21,129,0,0,0,0,0,,0.080108531,108,872.272,Jigawa,12.13033438,9.096445949,153.075,272605.9175
641,jigawa roni,165,2,0,0,0,70,0,0,0,161,1,1,,0.008958682,70,237.79,Jigawa,12.56151162,8.316402732,110.887,106491.6266
157,jigawa sule tankarkar,0,7,180,0,0,20,13,1,0,0,0,0,,0.042741826,760,1488.303,Jigawa,12.62622333,9.170087581,180.385,207110.6545
606,jigawa taura,399,0,0,0,0,67,0,0,0,30,0,0,,0.057987139,99,678.662,Jigawa,12.23304748,9.342632256,138.645,195141.845
23,jigawa yankwashi,130,0,0,0,0,81,0,0,0,52,0,0,,0.087393344,52,448.059,Jigawa,12.73012806,8.494743226,112.758,90451.7534
646,kaduna birnin gwari,2,1,127,0,0,33,4,15,0,0,0,0,,0.017384537,200,6281.145,Kaduna,10.8573347,6.654622958,434.131,439061.7678
205,kaduna chikun,109,1,0,0,0,50,0,0,0,22,0,0,,0.124498362,224,4879.182,Kaduna,10.36694454,7.240920672,434.993,702917.6707
752,kaduna giwa,0,0,40,1,0,0,0,0,0,0,0,0,,0.014821193,198,1957.978,Kaduna,11.10451776,7.392072752,214.4,377897.4489
316,kaduna igabi,40,13,0,0,0,44,0,0,0,7,1,1,,0.268399037,219,3508.283,Kaduna,10.71688931,7.547071207,349.105,825929.7055
727,kaduna ikara,1,0,156,0,0,16,0,0,0,0,0,0,,-0.000204,190,902.758,Kaduna,11.25264792,8.196087483,204.695,344838.1418
520,kaduna jaba,102,6,0,0,0,12,0,0,0,20,0,0,,0.034061751,284,429.905,Kaduna,9.448955533,8.03468141,98.461,157052.3173
586,kaduna jema a,154,3,0,0,0,71,2,0,0,4,0,0,,0.010746586,290,1712.243,Kaduna,9.33521727,8.248236945,217.579,258235.1183
477,kaduna kachia,9,0,122,0,0,10,0,0,0,0,0,0,,0.000544,255,4624.107,Kaduna,9.818531789,7.648666673,362.304,338468.7953
755,kaduna kaduna north,22,9,0,0,0,56,1,0,0,17,0,0,,6.531496567,235,87.798,Kaduna,10.56083239,7.455289515,53.048,312885.45
690,kaduna kaduna south,83,3,0,0,0,20,0,0,0,3,0,0,,7.77297752,240,60.113,Kaduna,10.47372385,7.422602543,38.603,305109.466
470,kaduna kagarko,0,0,66,7,0,5,5,0,0,0,0,0,,0.048653405,763,2235.093,Kaduna,9.437805796,7.616832014,249.469,306589.9636
654,kaduna kajuru,16,2,0,0,0,65,0,0,0,2,0,1,,-0.003316936,242,2234.228,Kaduna,10.2523021,7.885087489,201.982,183670.5509
139,kaduna kaura,4,42,0,0,0,17,1,0,0,5,4,0,,0.05544266,278,508.776,Kaduna,9.593169817,8.457096992,104.383,166793.101
547,kaduna kauru,0,0,67,2,0,0,73,0,0,0,0,0,,-0.009680654,231,2739.35,Kaduna,10.26329012,8.286802621,317.624,336285.4222
96,kaduna kubau,0,0,0,0,0,7,0,0,0,0,0,0,,-0.002991397,211,2428.078,Kaduna,10.84709665,8.343238003,248.365,520846.5868
653,kaduna kudan,0,0,65,13,0,4,18,0,0,0,0,0,,0.045997412,199,395.747,Kaduna,11.25202374,7.782917413,92.978,162827.5088
116,kaduna lere,2,0,62,0,0,5,0,0,0,0,0,0,,-0.00202759,232,2325.557,Kaduna,10.32653332,8.555375355,233.654,555958.757
261,kaduna makarfi,25,0,0,0,0,57,0,0,0,26,0,0,,0.023619613,194,518.896,Kaduna,11.30040706,7.971482223,95.01,321632.0574
95,kaduna sabon gari,29,0,0,0,0,35,0,0,0,15,0,0,,0.907658277,206,244.708,Kaduna,11.15950119,7.688105219,70.784,320434.7833
610,kaduna sanga,4,3,0,0,0,3,0,0,0,0,0,0,,0.009227136,295,1323.478,Kaduna,9.213472919,8.481690889,203.467,214063.2505
403,kaduna soba,207,3,0,0,0,3,0,0,0,115,0,0,,-0.002076367,209,2159.857,Kaduna,10.93982174,7.985741605,192.611,542500.2958
570,kaduna zangon kataf,78,0,0,0,0,31,0,0,0,17,0,0,,0.017815229,258,2633.826,Kaduna,9.822633253,8.22597972,213.156,360622.884
201,kaduna zaria,102,5,0,0,0,16,1,0,0,21,0,1,,0.507565908,213,303.404,Kaduna,11.023143,7.714277512,82.388,565567.7308
693,kano ajingi,36,0,0,0,0,116,0,0,0,128,0,1,,0.003929493,130,693.982,Kano,11.94796489,9.029501195,128.946,239619.6164
487,kano albasu,31,1,0,0,0,152,0,0,0,221,0,2,,0.009702905,170,460.539,Kano,11.62254543,9.091499579,117.04,213533.3643
280,kano bagwai,0,0,91,14,0,6,77,0,0,0,0,0,,0.014942649,120,383.842,Kano,12.08016926,8.118563776,85.513,211456.3729
85,kano bebeji,35,1,0,0,0,122,0,0,0,312,0,7,,0.118318925,169,758.962,Kano,11.49166084,8.284119602,113.861,248847.2285
530,kano bichi,58,17,0,0,0,70,0,0,0,97,0,0,,0.022093655,101,610.056,Kano,12.24283022,8.245625112,127.066,445252.321
165,kano bunkure,0,0,67,16,0,4,16,0,0,0,0,0,,0.057344632,164,470.368,Kano,11.66315062,8.567959462,118.722,242175.3577
472,kano dala,2,2,0,0,0,39,0,0,0,0,0,0,,6.349254606,134,24.943,Kano,11.99837759,8.462518711,24.213,483957.1804
529,kano dambatta,66,0,0,0,0,68,1,0,0,104,0,0,,0.015897551,80,800.022,Kano,12.39952488,8.619752326,135.711,367982.7104
162,kano dawakin kudu,63,0,0,0,0,81,0,0,0,63,0,5,,0.212572162,151,351.8,Kano,11.79647742,8.64593769,101.37,382454.3916
340,kano dawakin tofa,162,0,0,0,0,102,0,0,0,104,0,1,,0.125491925,116,449.088,Kano,12.12117243,8.368692298,115.287,424208.6994
131,kano doguwa,18,0,0,0,0,34,0,0,0,41,0,1,,0.004804571,207,1445.992,Kano,10.83418793,8.646021817,200.421,193906.3383
161,kano fagge,15,0,0,0,0,14,0,0,0,1,0,0,,20.16933113,137,27.66,Kano,11.98513403,8.553782299,20.167,291916.8191
491,kano gabasawa,7,0,62,0,0,26,5,2,0,0,0,0,,0.023478853,109,660.079,Kano,12.15378945,8.835443657,116.994,262875.5934
572,kano garko,49,1,0,0,0,124,2,0,0,144,1,21,,-0.003368476,172,458.608,Kano,11.55063808,8.808933781,127.175,219544.2736
196,kano garun mallam,2,1,73,0,0,19,0,4,0,0,0,0,,0.127468583,166,240.516,Kano,11.64693873,8.373045626,69.719,150436.4323
561,kano gaya,17,1,0,0,0,197,0,0,0,91,0,0,,0.003059412,154,619.544,Kano,11.77295068,9.016087206,119.561,265273.4781
317,kano gazewa,92,1,0,0,0,126,0,0,0,247,1,1,,0.959274472,125,364.907,Kano,12.03363736,8.703944396,89.021,399867.5522
124,kano gwale,0,0,0,0,0,16,0,0,0,2,0,0,,13.30747521,139,23.81,Kano,11.96826402,8.468683485,23.055,825782.9281
35,kano gwarzo,14,3,0,0,0,134,1,0,0,101,0,4,,0.041022885,141,363.268,Kano,11.8834986,7.941833468,91.415,327713.614
436,kano kabo,68,0,0,0,0,189,0,0,0,57,0,0,,0.048184287,146,314.364,Kano,11.8667322,8.172368881,94.478,142131.3494
650,kano kano municipal,27,3,0,0,0,21,0,0,0,5,0,0,,6.915155973,145,26.499,Kano,11.94045083,8.477484735,22.044,353763.9821
206,kano karaye,88,3,0,0,0,147,0,0,0,196,0,9,,0.065967039,155,450.051,Kano,11.75039562,7.992822961,104.486,225782.4229
459,kano kibiya,27,1,0,0,0,44,0,0,0,64,1,0,,-0.006459693,178,373.929,Kano,11.4879074,8.64464937,85.52,146385.8359
393,kano kiru,24,0,0,0,0,100,0,0,0,32,1,7,,0.061113066,161,831.066,Kano,11.58852282,8.126619612,178.992,312943.83
57,kano kumbotso,41,9,0,0,0,17,0,0,0,12,0,0,,1.911886744,147,162.81,Kano,11.90499976,8.497289107,63.807,997846.4213
637,kano kunchi,0,0,23,3,0,29,54,0,0,0,0,0,,0.005036805,83,706.672,Kano,12.40769156,8.253341051,113.824,211940.9125
54,kano kura,30,11,0,0,0,100,3,0,0,277,1,7,,0.168221299,158,240.989,Kano,11.77075117,8.470033232,78.902,186962.5926
452,kano madobi,79,5,0,0,0,156,0,0,0,115,0,0,,0.180882475,150,267.91,Kano,11.80999359,8.35477438,89.933,192410.5215
113,kano makoda,95,1,0,0,0,82,0,0,0,124,0,0,,0.017624796,81,403.585,Kano,12.40859583,8.46151557,122.794,206787.3492
321,kano minjibir,0,0,155,41,0,11,111,0,0,0,0,0,,0.124624434,107,415.334,Kano,12.17366119,8.597659497,89.745,351215.8834
188,kano nassarawa,80,0,0,0,0,138,0,0,0,13,0,0,,17.91251811,133,19.019,Kano,12.00588309,8.508378021,21.054,641461.4104
108,kano rano,59,0,0,0,0,64,0,0,0,142,1,4,,0.025300614,179,472.851,Kano,11.46649745,8.498752304,108.665,184905.243
598,kano rimin gado,106,2,0,0,0,104,4,0,0,228,1,5,,0.070413168,138,210.163,Kano,11.92564573,8.2584499,78.295,101291.9619
172,kano rogo,55,0,0,0,0,67,0,0,0,43,0,0,,0.0000653,177,814.539,Kano,11.50510088,7.84791856,114.528,301983.413
284,kano shanono,49,0,0,0,0,64,0,0,0,83,0,3,,0.015074542,110,626.404,Kano,12.06729684,7.940861297,126.97,157862.9711
67,kano sumaila,0,0,81,21,0,3,36,0,0,0,0,0,,-0.011383717,184,1190.879,Kano,11.31154184,8.870888222,157.924,371164.5493
738,kano takai,3,1,173,0,0,28,0,1,0,0,0,0,,0.017228475,180,786.059,Kano,11.46715012,9.143514153,137.931,275061.9215
674,kano tarauni,24,1,0,0,0,45,0,0,0,8,0,0,,11.51342767,140,23.628,Kano,11.95497908,8.528279622,25.141,295562.1899
274,kano tofa,94,1,0,0,0,89,0,0,0,34,0,0,,0.189094947,128,203.698,Kano,11.99572703,8.310674703,66.71,123758.0173
178,kano tsanyawa,116,1,0,0,0,127,8,0,0,75,0,3,,0.004250644,94,412.742,Kano,12.25019054,7.99336752,87.777,169730.1318
614,kano tudun wada,136,0,0,0,0,25,0,0,0,311,0,1,,0.011051979,195,1132.51,Kano,11.25111607,8.556984468,226.083,278653.9702
300,kano ungogo,78,1,0,0,0,18,0,0,0,20,0,0,,3.717411098,126,187.442,Kano,12.04681019,8.504618378,76.109,888851.0263
194,kano warawa,0,0,69,13,0,19,91,0,0,0,0,0,,0.399647855,143,345.302,Kano,11.89882564,8.728475188,86.974,194546.6469
737,kano wudil,79,0,0,0,0,34,0,0,0,53,1,0,,0.03147369,152,335.617,Kano,11.74145421,8.838378481,105.949,214437.4466
74,katsina bakori,141,3,0,0,0,41,1,0,0,502,1,15,,0.065894657,162,669.028,Katsina,11.60713461,7.434801111,136.59,343485.3825
660,katsina batagarawa,45,0,0,0,0,150,0,0,0,80,0,0,,0.197064379,36,442.871,Katsina,12.88516262,7.566188666,156.647,282857.8007
526,katsina batsari,2,1,0,0,0,106,8,0,0,68,0,11,,0.003616707,39,1072.743,Katsina,12.77216625,7.244708626,163.425,295853.2455
268,katsina baure,12,2,0,0,0,131,0,0,0,71,0,0,,-0.000779,47,735.83,Katsina,12.78769183,8.755763971,123.193,282913.3943
531,katsina bindawa,2,12,0,0,0,122,0,0,0,14,0,1,,0.017816314,55,393.549,Katsina,12.7089658,7.85298859,110.336,270062.0589
353,katsina charanchi,46,0,0,0,0,55,0,0,0,36,0,2,,0.018098035,63,464.027,Katsina,12.59488242,7.673961032,108.887,217790.0756
471,katsina dan musa,0,0,124,50,0,0,188,0,0,0,0,0,,0.055823364,186,428.777,Katsina,11.38757556,7.201173148,94.646,195180.2562
109,katsina dandume,0,0,60,39,0,26,213,0,0,0,0,0,,0.047447849,189,466.281,Katsina,11.38601676,7.564673086,121.701,193836.3891
120,katsina danja,43,11,0,0,0,91,1,0,0,103,11,1,,-0.003613663,104,794.96,Katsina,12.20703584,7.334250498,124.908,208161.8005
760,katsina daura,30,1,0,0,0,24,0,0,0,46,0,0,,0.093119864,30,314.929,Katsina,12.98523917,8.242109483,74.735,128285.2161
513,katsina dutsi,24,1,0,0,0,10,0,0,0,32,0,0,,0.019073758,38,288.665,Katsina,12.90263359,8.136302841,83.753,107271.9371
688,katsina dutsin ma,68,0,0,0,0,48,0,0,0,89,0,0,,0.050037596,78,546.871,Katsina,12.42948478,7.519051515,119.138,306901.7631
382,katsina faskari,213,5,0,0,0,9,1,0,0,304,0,14,,0.02589991,153,1701.466,Katsina,11.65618052,7.099663724,198.124,284888.0698
273,katsina funtua,83,1,0,0,0,111,0,0,0,296,0,0,,0.293841279,183,482.248,Katsina,11.44281905,7.305979028,113.663,390558.0188
457,katsina ingawa,0,0,128,31,0,7,161,0,0,0,0,0,,0.012488506,58,765.692,Katsina,12.60708302,8.068530894,159.374,208269.0558
369,katsina jibia,79,10,0,0,0,41,1,0,0,13,0,1,,0.015283572,20,1099.06,Katsina,12.9855642,7.296388293,209.112,255795.794
685,katsina kafur,8,34,0,0,0,72,0,0,0,49,0,0,,0.010714262,156,1031.357,Katsina,11.63658122,7.70052059,158.518,330098.0645
333,katsina kaita,53,7,156,0,0,56,6,112,1,0,0,0,,0.020997998,11,972.081,Katsina,13.16246705,7.723243228,137.735,252803.7792
486,katsina kankara,82,82,0,0,0,56,0,0,0,136,0,0,,0.009294814,118,1435.922,Katsina,11.95409475,7.371022176,210.868,353637.3234
368,katsina kankia,102,1,0,0,0,53,2,0,0,35,0,1,,0.029921676,74,853.836,Katsina,12.43209444,7.790752228,146.346,200213.4404
536,katsina katsina,93,7,0,0,0,91,0,0,0,34,0,0,,2.606165846,32,145.475,Katsina,13.00103211,7.611729149,46.744,644651.8899
591,katsina kurfi,138,0,0,0,0,5,3,0,0,156,1,12,,0.011347405,49,558.026,Katsina,12.68434974,7.488803906,132.697,178314.8615
257,katsina kusada,88,0,0,0,0,1,2,0,0,24,0,1,,0.008040642,82,399.347,Katsina,12.44139852,7.978341385,85.685,115261.2444
262,katsina mai adua,190,1,0,0,0,4,0,0,0,406,0,2,,0.045216173,15,576.688,Katsina,13.14458383,8.207989388,122.765,170186.8688
198,katsina malumfashi,115,34,0,0,0,52,1,0,0,168,0,0,,0.036815769,142,662.153,Katsina,11.83908055,7.65752298,133.543,380846.0196
733,katsina mani,97,3,0,0,0,35,0,0,0,174,1,2,,0.021456909,28,775.836,Katsina,12.88463851,7.922192836,159.483,309711.905
503,katsina mashi,55,2,55,0,0,64,120,65,0,0,0,0,,0.02405384,13,910.661,Katsina,13.12406113,7.983345225,141.039,308926.5094
371,katsina matazu,114,0,0,0,0,97,1,0,0,26,0,0,,0.001318548,98,517.26,Katsina,12.24530625,7.627552973,93.649,158285.2705
242,katsina musawa,15,2,116,0,0,51,27,10,0,0,0,0,,0.00265241,112,862.701,Katsina,12.07253995,7.695137791,167.405,178815.7823
324,katsina rimi,82,0,0,0,0,117,0,0,0,109,1,27,,0.065169558,35,473.409,Katsina,12.82160096,7.694783671,117.871,303304.7314
173,katsina sabuwa,71,3,0,0,0,32,1,0,0,77,1,1,,0.01968112,193,665.734,Katsina,11.28418074,7.093503468,131.035,146364.4222
647,katsina safana,36,4,0,0,0,52,0,0,0,35,0,1,,-0.003776581,71,1353.244,Katsina,12.46986042,7.260129069,157.759,233431.1054
392,katsina sandamu,35,3,0,0,0,90,0,0,0,33,0,0,,0.01459833,41,287.807,Katsina,12.89188358,8.348610372,77.109,103430.8879
708,katsina zango,0,0,59,55,0,7,79,0,0,0,0,0,,0.007667652,31,648.034,Katsina,12.93936925,8.530927568,112.034,164024.6486
251,kebbi aliero,106,0,0,0,0,72,0,0,0,73,0,2,,0.180126855,95,366.516,Kebbi,12.24898777,4.478593021,81.196,64228.5316
386,kebbi arewa dandi,0,0,9,39,0,3,44,0,0,0,0,0,,0.006829548,19,4952.362,Kebbi,12.69408742,4.055095217,374.855,249083.8789
408,kebbi argungu,42,28,0,0,0,97,0,0,0,82,1,0,,0.095235451,57,1207.803,Kebbi,12.63437062,4.441094495,171.732,227949.1784
499,kebbi augie,5,7,141,0,0,31,1,5,0,0,0,0,,0.028542665,24,1519.903,Kebbi,12.87537955,4.640789605,178.015,108214.5644
613,kebbi bagudo,2,122,0,0,0,17,0,0,0,0,0,0,,0.002990419,754,4919.312,Kebbi,11.3169455,3.964112828,327.435,347390.3716
10,kebbi birnin kebbi,129,2,0,0,0,141,0,0,0,172,1,0,,0.294839581,76,1253.632,Kebbi,12.41304014,4.304825012,172.714,422641.7664
294,kebbi bunza,8,7,120,0,0,43,35,8,0,0,0,0,,0.042321667,115,808.811,Kebbi,12.10347023,3.969043414,111.823,167071.2602
535,kebbi dandi,30,1,0,0,0,85,0,0,0,85,0,0,,0.029360655,127,2210.102,Kebbi,11.79481155,3.837454824,198.234,150372.6405
149,kebbi fakai,29,25,0,0,0,20,0,0,0,18,0,1,,0.003921262,173,1959.322,Kebbi,11.49284221,4.930894685,214.264,136543.425
564,kebbi gwandu,22,1,0,0,0,96,0,0,0,153,0,1,,0.058178824,72,856.333,Kebbi,12.46654335,4.677673563,160.225,203207.2411
73,kebbi jega,28,0,0,0,0,130,1,0,0,60,4,3,,0.038995213,114,904.481,Kebbi,12.03335407,4.485579777,139.043,194743.1176
389,kebbi kalgo,0,0,82,29,0,1,2,0,0,0,0,0,,0.03630422,89,696.867,Kebbi,12.26319279,4.082632534,128.713,111759.5731
622,kebbi koko besse,2,0,0,0,0,36,2,0,0,7,28,0,,0.008911706,174,1309.468,Kebbi,11.43553052,4.439522314,193.856,170600.358
557,kebbi maiyama,54,1,0,0,0,55,0,0,0,8,0,0,,0.024232575,113,1482.546,Kebbi,11.90556644,4.352988708,205.124,196149.6071
303,kebbi ngaski,0,0,151,28,0,0,12,0,0,0,0,0,,-0.003799071,216,2595.889,Kebbi,10.54388828,4.774278414,308.5,129342.3709
100,kebbi sakaba,0,0,43,13,0,0,24,0,0,0,0,0,,-0.01161102,197,1359.464,Kebbi,11.14853626,5.544382965,174.433,132836.212
592,kebbi shanga,117,1,0,0,0,14,1,0,0,39,1,0,,0.001643734,187,1502.343,Kebbi,11.20841565,4.726687552,205.3,183220.0049
582,kebbi suru,11,3,182,0,0,57,34,1,0,0,0,0,,0.015675748,132,1288.358,Kebbi,11.77074914,4.13634038,192.822,190251.4035
478,kebbi wasagu danko,35,1,0,0,0,142,0,0,0,15,0,0,,-0.006526368,768,3442.304,Kebbi,11.4171193,5.651138235,339.835,337427.9165
695,kebbi yauri,37,0,0,0,0,27,0,0,0,16,3,1,,0.001536622,210,953.027,Kebbi,11.00141418,4.606525387,205.94,101747.1478
373,kebbi zuru,135,1,0,0,0,7,0,0,0,61,0,2,,0.004326844,168,523.199,Kebbi,11.4808801,5.307618809,138.763,227102.4801
712,kogi adavi,39,0,0,0,0,31,0,0,0,0,1,0,,0.099715636,410,717.632,Kogi,7.641412889,6.433701073,163.042,272742.9786
605,kogi ajaokuta,0,1,30,0,0,20,0,1,0,0,0,0,,0.124730925,421,1375.68,Kogi,7.494015682,6.589818143,168.086,114023.6088
365,kogi ankpa,9,0,0,0,0,21,0,0,0,0,0,0,,0.002143709,439,1269.452,Kogi,7.433711677,7.651150523,166.68,260857.9453
689,kogi bassa,10,1,0,0,0,2,0,0,0,4,0,1,,0.020638672,386,1924.212,Kogi,7.770953126,7.024394532,241.143,105978.6511
104,kogi dekina,47,3,0,0,0,35,3,0,0,1,1,4,,0.021440356,411,2495.273,Kogi,7.548162861,7.176570267,232.029,398693.1336
271,kogi ibaji,6,1,0,0,0,6,0,0,0,1,0,1,,-0.000584,508,1382.18,Kogi,6.799308643,6.763027373,165.275,66559.1411
395,kogi idah,17,2,0,0,0,13,0,0,0,12,0,0,,0.003247121,502,47.846,Kogi,7.06072277,6.713153885,30.648,35322.7548
327,kogi igalamela odolu,0,0,1,10,8,0,7,0,0,0,0,0,,0.004876115,487,1997.448,Kogi,7.057314387,7.018737145,227.234,158820.4843
553,kogi ijumu,102,8,0,0,0,50,1,0,0,174,2,0,,0.011861267,377,915.216,Kogi,7.848778363,5.956135866,156.888,100911.8984
443,kogi kabba bunu,11,2,65,0,0,41,0,12,0,1,0,0,,0.05564351,356,2701.448,Kogi,8.062777986,6.203364061,282.78,142515.4472
596,kogi kogi,0,0,38,18,0,2,35,0,0,0,0,0,,0.015548452,357,1533.698,Kogi,8.123407648,6.859037788,192.229,68992.1184
338,kogi lokoja,21,8,0,0,0,24,0,0,0,1,0,0,,0.065707029,340,3406.807,Kogi,8.172968519,6.460339465,395.127,248124.0701
559,kogi mopa muro,8,0,0,0,0,90,0,0,0,7,0,0,,0.008767779,363,878.826,Kogi,8.103316065,5.878465265,133.681,40492.2346
355,kogi ofu,12,5,0,0,0,10,0,0,0,1,0,0,,0.025346601,460,1658.558,Kogi,7.302833482,7.038166309,266.705,161173.9098
143,kogi ogori magongo,11,48,0,0,0,44,0,0,0,11,0,0,,0.086777175,456,74.93,Kogi,7.46150387,6.153370107,40.438,19590.8858
405,kogi okehi,0,0,39,34,0,5,17,0,0,0,0,0,,0.074464021,408,730.224,Kogi,7.681918127,6.285425308,159.301,49835.537
145,kogi okene,41,2,0,0,0,50,1,0,0,29,0,3,,0.050021276,451,290.361,Kogi,7.449825111,6.322088225,126.337,191612.6155
39,kogi olamaboro,2,0,0,0,0,16,3,0,0,0,0,0,,0.007584123,484,1210.098,Kogi,7.183620341,7.558015588,164.898,209983.6833
62,kogi omala,0,2,7,0,0,16,0,2,0,0,0,0,,0.003251476,384,1753.854,Kogi,7.799618662,7.540982471,176.079,96743.6379
218,kogi yagba east,24,2,0,0,0,59,0,0,0,52,1,2,,-0.000698,355,1519.535,Kogi,8.164109031,5.761314932,237.886,67100.3064
285,kogi yagba west,66,1,0,0,0,3,0,0,0,10,0,2,,0.019954824,351,1181.312,Kogi,8.296407812,5.527479568,159.37,56595.771
307,kwara asa,4,5,240,0,0,46,2,23,0,0,0,1,,0.089187348,342,1570.266,Kwara,8.417440237,4.44609312,197.482,136305.6814
363,kwara baruten,135,47,0,0,0,89,3,0,0,149,5,1,,0.006406794,257,10357.668,Kwara,9.294789104,3.391994126,542.227,267678.6119
659,kwara edu,131,13,0,0,0,26,0,0,0,99,0,2,,0.018073851,759,2523.44,Kwara,8.876399537,5.205395566,267.67,125798.2986
99,kwara ekiti,0,0,48,29,0,29,36,0,0,0,0,0,,0.041407033,372,547.14,Kwara,8.075931169,5.346871191,108.866,32178.961
49,kwara ifelodun,2,5,192,0,0,105,2,18,0,0,0,0,,0.02226576,323,3476.224,Kwara,8.530528119,5.066798493,405.589,117189.7347
440,kwara ilorin east,0,0,219,54,0,24,28,0,0,0,0,0,,0.259748834,341,434.493,Kwara,8.582616819,4.784356848,149.429,700643.2818
726,kwara ilorin south,212,2,0,0,0,49,1,0,0,17,1,0,,0.434312463,352,166.344,Kwara,8.435253145,4.692388286,66.358,62561.5689
267,kwara ilorin west,82,26,0,0,0,38,0,0,0,19,0,0,,1.735200881,349,98.404,Kwara,8.47156965,4.554961919,52.512,345260.7176
404,kwara irepodun,27,12,0,0,0,122,0,0,0,26,0,0,,0.138789554,360,744.714,Kwara,8.156105541,4.935743468,158.096,104900.4311
593,kwara isin,47,22,0,0,0,138,0,0,0,84,0,3,,0.093079366,361,633.065,Kwara,8.253496477,5.054078318,111.345,31856.3086
241,kwara kaiama,9,0,180,0,0,23,3,17,0,0,0,0,,0.003830902,256,7887.974,Kwara,9.459544871,4.179281633,410.375,196830.9889
560,kwara moro,216,29,0,0,0,54,0,0,0,26,1,1,,0.033927456,316,3183.797,Kwara,8.828460082,4.576806508,250.215,143596.2226
71,kwara offa,83,0,0,0,0,280,1,0,0,230,0,4,,0.34917052,370,97.357,Kwara,8.13754072,4.699779287,42.606,126926.4981
103,kwara oke ero,0,0,105,30,0,19,30,0,0,0,0,0,,0.068156656,364,418.991,Kwara,8.158304247,5.264552132,124.94,33677.6618
409,kwara oyun,102,63,0,0,0,162,1,0,0,138,0,1,,0.071203449,362,477.98,Kwara,8.145574973,4.658419725,154.368,88494.5817
88,kwara patigi,0,0,173,54,0,19,74,0,0,0,0,0,,0.007184223,330,2951.182,Kwara,8.615922923,5.811979376,238.21,77336.6459
528,lagos agege,2,0,0,0,0,93,0,0,0,7,0,0,,10.06471657,549,16.575,Lagos,6.640746038,3.305409927,18.782,289449.7823
397,lagos ajeromi ifelodun,0,0,1,110,0,52,137,0,0,0,0,0,,10.49726575,574,11.645,Lagos,6.466175056,3.324312762,13.097,314222.5886
421,lagos alimosho,23,2,0,0,0,102,0,0,0,1,0,0,,5.743507962,543,148.062,Lagos,6.598164184,3.245760198,55.194,2079944.119
683,lagos amuwo odofin,4,24,0,0,0,118,0,0,0,109,0,0,,3.306997327,569,190.955,Lagos,6.450737649,3.264784915,67.32,377541.2873
225,lagos apapa,0,0,1,78,0,15,23,0,0,0,0,0,,18.56885596,765,43.227,Lagos,6.437019209,3.362923608,34.006,271369.4581
583,lagos badagry,0,0,14,50,0,6,42,0,0,0,0,0,,0.894234906,570,516.531,Lagos,6.446571434,2.910629984,115.339,663729.649
76,lagos epe,0,0,13,159,0,11,15,0,0,0,0,0,,0.178124013,749,1205.291,Lagos,6.561913665,3.95022511,247.437,202902.058
442,lagos eti osa,3,1,3,0,0,83,4,1,0,0,0,0,,10.26324599,764,201.279,Lagos,6.452816939,3.533949934,85.069,493328.1549
684,lagos ibeju lekki,0,0,15,0,0,94,0,4,0,0,0,0,,0.61599334,564,488.075,Lagos,6.4672077,3.864350818,157.064,302704.1231
240,lagos ifako ijaye,5,3,0,0,0,36,0,0,0,2,0,0,,8.809837562,542,33.615,Lagos,6.677260018,3.303991521,28.115,297182.406
512,lagos ikeja,1,1,4,0,0,97,0,0,0,0,0,0,,17.12913933,551,45.744,Lagos,6.619092372,3.335571541,32.736,307583.9476
346,lagos ikorodu,97,2,0,0,0,66,0,0,0,8,0,2,,3.576643951,546,369.494,Lagos,6.626210641,3.558520355,88.09,1241907.315
492,lagos kosofe,30,13,0,0,0,70,1,0,0,11,4,0,,8.81912905,554,74.118,Lagos,6.607016502,3.401006934,38.369,489892.8572
555,lagos lagos island,21,0,0,0,0,111,0,0,0,0,0,0,,2.785135551,558,238.99,Lagos,6.518635791,3.48232324,94.966,44729.8769
224,lagos lagos mainland,24,1,0,0,0,398,0,0,0,17,0,0,,11.659153,567,22.781,Lagos,6.504245784,3.374241828,22.449,269611.8083
70,lagos mushin,45,0,0,0,0,72,0,0,0,2,0,0,,13.10961275,562,17.387,Lagos,6.551415191,3.342003952,18.422,350625.5487
279,lagos ojo,11,4,0,0,0,123,0,0,0,24,0,0,,2.044719931,565,196.583,Lagos,6.459484086,3.143994795,68.195,695867.6416
26,lagos oshodi isolo,1,0,0,0,0,37,0,0,0,2,0,0,,9.339666849,560,38.595,Lagos,6.558732161,3.304116408,28.349,557312.4779
331,lagos shomolu,43,1,0,0,0,275,0,0,0,128,1,0,,11.98190406,561,18.304,Lagos,6.553516883,3.378711137,17.122,151658.4182
156,lagos surulere,3,43,0,0,0,182,0,0,0,24,1,0,,10.04605972,568,30.717,Lagos,6.507097202,3.335343463,23.004,118282.3147
129,nasarawa akwanga,3,1,53,0,0,47,0,2,0,0,0,0,,0.136935464,313,848.06,Nasarawa,8.993858101,8.327013762,117.66,100919.687
215,nasarawa awe,0,0,77,22,0,6,21,0,0,0,0,0,,-0.020159027,353,2627.772,Nasarawa,8.249846841,9.218539268,261.033,181481.1166
142,nasarawa doma,28,183,0,0,0,65,0,0,0,202,3,3,,-0.007335718,350,2605.347,Nasarawa,8.163337811,8.281219083,265.182,1051199.328
465,nasarawa karu,91,18,0,0,0,173,4,0,0,75,1,0,,0.26924641,299,2657.359,Nasarawa,9.027654054,7.765845874,284.963,715324.7288
81,nasarawa keana,6,11,0,0,0,75,0,0,0,13,0,0,,-0.018902763,366,1055.373,Nasarawa,8.167463773,8.768291906,152.422,114682.9795
629,nasarawa keffi,35,3,0,0,0,61,2,0,0,24,1,0,,0.362878366,332,158.196,Nasarawa,8.829535044,7.823715697,49.072,191251.8254
546,nasarawa kokona,0,0,40,18,0,37,150,0,0,0,0,0,,0.023388608,312,1794.341,Nasarawa,8.832132498,8.04998983,196.998,232705.6638
11,nasarawa lafia,58,14,0,0,0,60,2,0,0,181,1,1,,0.022016583,324,2784.072,Nasarawa,8.640066862,8.699591118,365.24,238548.817
275,nasarawa nasarawa,0,0,51,40,0,10,59,0,0,0,0,0,,0.010457774,337,5806.401,Nasarawa,8.328995153,7.776540905,349.767,331586.5174
72,nasarawa nasarawa eggon,0,0,29,35,0,9,12,0,0,0,0,0,,0.028884437,333,1186.461,Nasarawa,8.740715942,8.420908872,157.254,59682.0206
525,nasarawa obi,27,1,22,0,0,36,0,39,0,0,0,0,,-0.013209721,354,992.172,Nasarawa,8.347375883,8.727688167,154.195,89982.8918
4,nasarawa toto,3,5,22,0,0,63,1,6,0,0,0,0,,-0.007212118,346,2737.782,Nasarawa,8.238495568,7.202320688,257.718,131405.2564
391,nasarawa wamba,40,6,29,0,0,79,54,21,0,38,0,0,,0.033690054,309,1183.679,Nasarawa,8.976767931,8.676112515,142.807,229804.4865
328,niger agaie,339,23,0,0,0,56,8,0,0,85,1,0,,0.006754227,305,1868.953,Niger,8.930562791,6.408175494,199.223,101623.4442
45,niger agwara,0,0,88,5,0,16,65,0,0,0,0,0,,0.000367,217,1801.119,Niger,10.774757,4.539767062,177.907,94013.5595
203,niger bida,102,1,0,0,0,85,1,0,0,18,0,0,,0.51445518,319,51.239,Niger,9.082687486,5.984727584,28.012,192094.2912
179,niger borgu,156,18,0,0,0,22,1,0,0,36,0,0,,0.011133579,757,10355.939,Niger,10.37846117,4.162557712,582.572,346423.7272
618,niger bosso,102,41,0,0,0,59,0,0,0,55,0,0,,0.145111351,273,1589.8,Niger,9.598195856,6.387043573,211.481,243502.3645
567,niger chanchaga,107,4,0,0,0,94,0,0,0,55,0,1,,2.189523394,282,73.751,Niger,9.60547139,6.514193835,33.141,373749.9565
217,niger edati,0,0,92,28,0,2,20,0,0,0,0,0,,0.00883628,762,783.513,Niger,9.027495576,5.618233981,149.074,46732.155
746,niger gbako,53,0,0,0,0,295,0,0,0,381,2,3,,0.007900269,289,1804.877,Niger,9.284563244,5.986139632,212.515,149714.3601
184,niger gurara,105,10,0,0,0,27,0,0,0,12,0,0,,0.083018859,292,1141.298,Niger,9.322033966,7.023184074,235.499,90065.9321
460,niger katcha,0,0,192,69,0,12,127,0,0,0,0,0,,0.01005347,293,1732.748,Niger,9.11672823,6.242193635,299.235,156301.111
281,niger kontagora,69,47,0,0,0,44,0,0,0,46,0,0,,0.031419532,229,2021.578,Niger,10.42471955,5.475140341,206.77,235330.715
264,niger lapai,334,21,0,0,0,33,0,0,0,17,0,0,,-0.000349,298,3042.211,Niger,8.726986257,6.635199529,365.636,200332.5991
694,niger lavun,7,1,209,0,0,164,5,1,0,0,0,0,,0.012417123,771,3951.431,Niger,9.273478227,5.683299513,424.153,192370.8039
450,niger magama,77,1,0,0,0,44,0,0,0,56,0,0,,0.003304858,226,3764.949,Niger,10.37080155,4.980060431,360.828,296466.9599
356,niger mariga,95,2,0,0,0,50,0,0,0,46,0,4,,-0.014037968,212,5772.875,Niger,10.67064522,5.819122728,369.762,373467.9393
310,niger mashegu,28,2,0,0,0,30,2,0,0,12,0,0,,-0.000193,251,9114.887,Niger,9.862640245,5.233473972,492.217,665585.148
602,niger mokwa,83,2,0,0,0,108,0,0,0,164,1,1,,0.060392706,287,3986.091,Niger,9.24373037,5.146363936,582.23,249665.4491
538,niger munya,9,0,161,0,0,9,6,9,0,0,0,0,,0.007601879,261,2265.14,Niger,9.809817142,7.017319158,230.732,87478.3836
238,niger paikoro,45,52,0,0,0,161,0,0,0,15,0,3,,0.019931108,275,2215.32,Niger,9.468097657,6.855652785,311.559,209495.0342
724,niger rafi,0,0,252,23,0,14,72,0,0,0,0,0,,0.028429771,238,3508.958,Niger,10.16516014,6.248211618,309.948,274147.6576
416,niger rijau,134,3,0,0,0,80,1,0,0,106,1,1,,-0.005065182,201,3040.086,Niger,11.07075525,5.158645227,256.499,216913.794
1,niger shiroro,105,2,0,0,0,23,0,0,0,19,1,0,,0.024960018,234,5275.07,Niger,10.11113888,6.672110695,459.323,279214.1438
734,niger suleja,66,0,0,0,0,40,0,0,0,5,0,0,,0.449307069,304,121.968,Niger,9.188225949,7.15108401,48.953,378903.3349
112,niger tafa,43,2,0,0,0,43,0,0,0,22,0,0,,1.340079762,301,139.068,Niger,9.242719283,7.230877004,68.698,64666.1473
91,niger wushishi,5,0,123,0,0,23,5,16,0,0,0,0,,-0.006973947,268,1886.07,Niger,9.676223969,5.933257986,238.34,107715.4618
232,ogun abeokuta north,28,7,0,0,0,73,0,0,0,10,0,2,,0.092533046,468,801.427,Ogun,7.234612834,3.17023009,126.393,480407.4367
604,ogun abeokuta south,14,1,0,0,0,46,1,0,0,13,0,0,,1.197962579,490,70.09,Ogun,7.169759161,3.354022564,35.34,421468.1478
127,ogun ado odo ota,0,0,6,84,0,6,17,0,0,0,0,0,,1.160349655,536,904.124,Ogun,6.637450681,3.06818012,134.892,2181858.398
584,ogun ewekoro,0,0,10,130,0,34,66,0,0,0,0,0,,0.069444562,464,1968.764,Ogun,7.153682835,2.904207694,199.323,359098.1154
703,ogun ifo,28,11,0,0,0,27,0,0,0,4,1,0,,0.108496155,514,659.87,Ogun,6.808212777,2.935519903,117.681,408282.2461
542,ogun ijebu east,57,22,0,0,0,146,0,0,0,10,1,1,,0.432009247,501,615.158,Ogun,6.958220267,3.188789348,123.449,162392.4242
678,ogun ijebu north,99,3,0,0,0,73,0,0,0,108,0,0,,1.318323499,524,487.083,Ogun,6.783523294,3.237972962,127.078,1702206.422
308,ogun ijebu north east,1,5,0,0,0,137,0,0,0,4,0,0,,0.064341584,503,2205.946,Ogun,6.824047645,4.257214928,237.895,251168.8993
89,ogun ijebu ode,145,38,0,0,0,276,0,0,0,24,0,0,,0.065590507,498,847.191,Ogun,7.003856463,3.978088179,133.278,324306.3666
249,ogun ikenne,0,2,0,0,0,65,0,0,0,0,0,0,,0.135594163,518,127.432,Ogun,6.889011062,4.011844321,51.606,71026.7435
482,ogun imeko afon,12,3,0,0,0,56,0,0,0,0,0,0,,0.515042284,523,177.963,Ogun,6.766052585,3.956339703,91.879,276590.8744
379,ogun ipokia,48,7,0,0,0,96,0,0,0,27,0,0,,0.649664022,510,141.906,Ogun,6.910163541,3.673800897,54.127,161192.2676
247,ogun obafemi owode,0,0,11,93,0,23,32,0,0,0,0,0,,0.016287318,748,1583.159,Ogun,7.669554248,2.866053604,222.706,124616.7659
502,ogun odeda,1,1,9,0,0,29,0,0,0,0,0,0,,0.104004888,528,474.581,Ogun,6.623769963,2.800247147,129.311,213243.5909
406,ogun odogbolu,9,0,0,0,0,342,0,0,0,21,0,0,,0.35875434,495,1414.9,Ogun,7.003683072,3.47390487,188.022,923165.1933
229,ogun ogun waterside,0,0,10,86,0,9,4,0,0,0,0,0,,0.04940379,458,1398.575,Ogun,7.295861108,3.513851462,183.993,306342.9261
532,ogun remo north,31,3,0,0,0,9,0,0,0,38,0,0,,0.229488988,519,544.263,Ogun,6.785978,3.805332471,103.056,257516.9667
672,ogun shagamu,72,1,0,0,0,218,0,0,0,16,0,0,,0.015324175,557,957.702,Ogun,6.486424741,4.402563643,175.154,60566.6031
187,ogun yewa north,0,3,7,0,0,28,0,4,0,0,0,0,,0.181553677,505,164.237,Ogun,6.995823712,3.715964546,57.241,71985.9284
456,ogun yewa south,12,2,0,0,0,60,0,0,0,11,1,0,,1.433287957,516,616.709,Ogun,6.788476911,3.564746646,114.994,749083.3312
286,ondo akoko north east,11,1,61,0,0,67,1,23,0,0,0,0,,0.027869753,433,430.565,Ondo,7.553300708,5.837089187,119.263,158926.0442
715,ondo akoko north west,0,5,1,0,0,25,0,0,11,0,0,0,,0.031721682,419,551.235,Ondo,7.649377421,5.778817026,102.289,131582.9604
698,ondo akoko south east,63,0,0,0,0,136,1,0,0,67,1,0,,0.044506,453,232.592,Ondo,7.435938211,5.886985587,78.973,42489.843
691,ondo akoko south west,44,33,0,0,0,94,0,0,0,31,0,0,,0.045389352,457,507.272,Ondo,7.403156836,5.673885316,94.773,157666.4123
320,ondo akure north,0,0,39,65,0,7,6,0,0,0,0,0,,0.182331832,467,680.62,Ondo,7.273785094,5.303042354,124.425,295888.966
354,ondo akure south,49,4,0,0,0,49,0,0,0,10,0,0,,0.317454085,479,329.779,Ondo,7.212006028,5.190207579,92.185,628879.3949
556,ondo ese odo,0,0,10,59,0,27,7,0,0,0,0,0,,0.032502759,576,720.855,Ondo,6.212754714,4.971192555,138.733,82564.181
407,ondo idanre,13,2,0,0,0,40,0,0,0,2,0,1,,0.022496528,488,1898.913,Ondo,6.978596476,5.199628844,215.29,195789.497
588,ondo ifedore,0,0,37,41,0,24,47,0,0,0,0,0,,0.066762695,466,246.27,Ondo,7.36536094,5.090168209,73.011,487590.6749
237,ondo ijaye,18,10,0,0,0,18,0,0,0,3,0,0,,0.044456519,553,1452.769,Ondo,6.226364988,4.77286,279.386,181092.4281
675,ondo ile oluji okeigbo,1,2,25,0,0,44,1,19,0,0,0,0,,0.010245442,471,321.704,Ondo,7.281665122,4.957874663,73.122,318441.3199
611,ondo irele,39,9,0,0,0,24,0,0,0,6,0,0,,0.010176968,540,815.163,Ondo,6.524171307,4.984272054,139.109,129109.431
359,ondo odigbo,70,10,0,0,0,80,1,0,0,40,8,0,,0.051949131,515,1886.304,Ondo,6.754962565,4.721825663,226.334,313697.4267
667,ondo okitipupa,104,5,0,0,0,228,0,0,0,4,1,1,,0.019409043,539,774.702,Ondo,6.552591777,4.714932597,117.234,220973.6764
119,ondo ondo east,1,1,39,0,0,39,1,27,0,0,0,0,,0.023544573,492,339.507,Ondo,7.077210929,4.950948846,98.927,30143.2331
219,ondo ondo west,32,7,0,0,0,70,0,0,0,17,0,0,,0.045986765,496,847.8,Ondo,7.000040149,4.725554938,125.156,247654.2394
516,ondo ose,0,0,16,45,0,30,10,0,0,0,0,0,,0.024957585,470,1543.645,Ondo,7.059882321,5.722824538,236.035,149099.1579
680,ondo owo,20,5,0,0,0,122,0,0,0,63,0,1,,0.079271134,483,989.44,Ondo,7.152745477,5.547318353,156.926,322048.5146
283,osun atakunmosa east,2,2,23,0,0,51,1,13,0,0,0,0,,0.060148658,449,576.43,Osun,7.302564146,4.803723021,130.448,62425.1518
597,osun atakunmosa west,24,26,0,0,0,67,0,0,0,42,1,1,,0.066191409,426,578.505,Osun,7.492060476,4.675205419,154.998,80596.676
463,osun ayedaade,18,5,0,0,0,158,0,0,0,131,1,0,,0.045567029,442,1050.332,Osun,7.295480736,4.309933481,243.493,168276.297
256,osun ayedire,29,5,0,0,0,98,0,0,0,196,2,2,,0.043959673,437,281.556,Osun,7.543858021,4.240144314,83.498,81930.2361
539,osun boluwaduro,26,0,0,0,0,88,1,0,0,48,3,12,,0.066863367,390,149.761,Osun,7.918911784,4.81303383,59.331,55667.3489
705,osun boripe,13,1,0,0,0,75,0,0,0,156,1,2,,0.217851515,397,138.454,Osun,7.839419999,4.683982743,68.804,217356.1805
318,osun ede north,3,1,0,0,0,105,2,0,0,108,10,0,,0.67360109,422,85.727,Osun,7.709289901,4.507068493,42.449,123142.6297
511,osun ede south,8,2,58,0,0,38,16,7,0,0,0,0,,0.111674583,429,230.891,Osun,7.633136688,4.46860016,63.73,132007.7409
753,osun egbedore,57,0,0,0,0,72,0,0,0,50,0,0,,0.690908578,402,301.4,Osun,7.763581557,4.432031788,100.333,258518.0427
385,osun ejigbo,53,0,0,0,0,73,2,0,0,202,39,0,,0.088224568,395,393.311,Osun,7.824314353,4.267609733,133.163,154442.7162
230,osun ife central,7,32,0,0,0,130,0,0,0,342,0,0,,0.211202022,454,70.335,Osun,7.456244299,4.605470021,38.63,177299.6898
709,osun ife east,34,1,0,0,0,46,0,0,0,63,1,0,,0.018085659,462,102.209,Osun,7.362839855,4.611643637,64.881,447689.4668
687,osun ife north,35,1,0,0,0,96,0,0,0,80,0,3,,0.121517793,446,978.382,Osun,7.285774967,4.469956445,198.053,125852.2472
577,osun ife south,0,0,20,18,0,4,43,0,0,0,0,0,,0.006846578,472,702.191,Osun,7.199722401,4.596020432,150.775,137428.9051
476,osun ifedayo,0,0,44,24,0,7,17,0,0,0,0,0,,0.063429,385,115.146,Osun,7.96253821,5.001676714,52.451,24143.4722
387,osun ifelodun,25,7,0,0,0,45,0,0,0,74,4,2,,0.509253512,393,131.806,Osun,7.904281935,4.64751187,56.555,117189.7347
171,osun ila,35,3,0,0,0,52,0,0,0,236,3,2,,0.031379888,378,333.442,Osun,7.977367932,4.900588148,94.173,105478.0964
315,osun ilesha east,11,1,0,0,0,41,0,0,0,37,0,0,,0.462934227,438,83.198,Osun,7.586148126,4.766445139,39.123,212828.0633
30,osun ilesha west,0,4,0,0,0,26,0,0,0,30,0,0,,0.99723155,436,65.02,Osun,7.629649866,4.715074851,41.095,293358.9551
90,osun irepodun,21,0,0,0,0,41,0,0,0,5,0,0,,0.713534257,398,65.727,Osun,7.856745689,4.519425722,44.29,104900.4311
728,osun irewole,5,1,0,0,0,107,1,0,0,149,0,1,,0.071290301,459,309.774,Osun,7.384236534,4.218556432,77.992,163152.9011
642,osun isokan,26,14,0,0,0,31,0,0,0,165,0,0,,0.026322682,482,196.454,Osun,7.270772152,4.18760634,57.96,105830.7954
496,osun iwo,26,0,0,0,0,89,0,0,0,119,0,0,,0.197329619,423,301.097,Osun,7.635257125,4.130987682,76.569,314403.1672
550,osun obokun,30,5,0,0,0,83,0,0,0,78,2,0,,0.143101768,404,522.044,Osun,7.762044571,4.771781535,102.804,116153.1403
223,osun odo otin,2,2,87,0,0,69,0,17,0,0,0,0,,0.077269192,382,278.912,Osun,7.99185323,4.682342996,83.094,157932.853
250,osun ola oluwa,0,0,44,38,0,25,90,0,0,0,0,0,,0.102145753,414,352.828,Osun,7.729953213,4.208475567,85.73,57148.2376
66,osun olorunda,78,0,0,0,0,21,0,0,0,17,17,0,,1.554438055,394,92.957,Osun,7.84198011,4.578304143,54.689,283263.6037
388,osun oriade,146,4,0,0,0,248,1,0,0,384,3,3,,0.084149852,425,598.314,Osun,7.522684435,4.884528237,126.578,161227.8086
3,osun orolu,4,0,0,0,0,46,0,0,0,56,0,0,,0.408804627,396,87.127,Osun,7.882402547,4.481376194,42.778,127308.5249
663,osun osogbo,37,5,0,0,0,66,0,0,0,88,19,0,,1.170654683,415,55.686,Osun,7.745337152,4.584593584,35.722,268329.5385
621,oyo afijio,29,1,0,0,0,80,0,0,0,175,1,0,,0.04616253,405,726.712,Oyo,7.746654071,3.897557159,139.576,124193.2962
716,oyo akinyele,54,0,0,0,0,86,0,0,0,131,1,2,,0.367207778,431,480.453,Oyo,7.561210468,3.916166361,107.414,466424.4162
578,oyo atiba,7,0,0,0,0,76,0,0,0,156,1,0,,0.019207565,347,1672.059,Oyo,8.239317919,3.914362775,221.32,85458.0059
624,oyo atisbo,9,0,0,0,0,119,0,0,0,50,0,0,,0.015737032,348,2767.258,Oyo,8.351543458,3.23874736,335.551,98580.9121
522,oyo egbeda,19,0,0,0,0,22,0,0,0,56,0,0,,0.564478988,461,189.234,Oyo,7.39084547,4.059006136,67.203,668543.0925
668,oyo ibadan north,32,0,0,0,0,72,0,0,0,74,0,0,,3.772660545,463,26.46,Oyo,7.411897329,3.910474166,21.508,138047.5151
431,oyo ibadan north east,38,1,0,0,0,47,0,0,0,54,0,0,,1.657817825,469,17.724,Oyo,7.37432652,3.931288725,22.323,367239.7494
155,oyo ibadan north west,122,4,0,0,0,64,0,0,0,210,1,0,,3.441937134,465,28.696,Oyo,7.400765171,3.877505592,26.755,103405.5133
228,oyo ibadan south east,10,0,0,0,0,23,3,0,0,39,1,0,,1.991615472,478,23.51,Oyo,7.335169824,3.904496922,18.971,230667.9071
102,oyo ibadan south west,35,1,0,0,0,71,1,0,0,29,0,0,,4.958433186,474,40.226,Oyo,7.354409939,3.863996675,26.686,261598.0926
130,oyo ibarapa central,68,0,0,0,0,29,0,0,0,63,0,2,,0.015306557,455,456.471,Oyo,7.426326887,3.237206152,88.205,77305.3312
649,oyo ibarapa east,148,0,0,0,0,31,0,0,0,148,0,6,,0.023565315,416,822.403,Oyo,7.607953274,3.492072629,141.334,97181.8493
337,oyo ibarapa north,2,4,145,0,0,18,0,8,0,0,0,0,,0.001000547,413,1247.332,Oyo,7.646153703,3.159181341,139.251,78839.6793
399,oyo ido,0,0,21,18,0,4,21,0,0,0,0,0,,0.309835355,424,1071.133,Oyo,7.506774701,3.711860236,174.546,531508.5826
448,oyo irepo,0,0,41,24,0,43,148,0,0,0,0,0,,0.01106363,311,1056.594,Oyo,8.999792381,3.934771101,157.105,83762.3396
757,oyo iseyin,42,5,0,0,0,117,0,0,0,136,1,0,,0.052676091,383,1351.944,Oyo,7.864728388,3.533333082,187.88,279277.0715
420,oyo itesiwaju,34,7,0,0,0,66,1,0,0,40,0,0,,0.024488669,359,1371.911,Oyo,8.188709393,3.511793442,204.175,58569.7028
439,oyo iwajowa,0,0,67,59,0,13,200,0,0,0,0,0,,0.014564948,369,2333.834,Oyo,8.004456367,3.021811143,257.165,79102.9911
222,oyo kajola,87,3,0,0,0,16,0,0,0,329,0,0,,0.029034565,371,586.18,Oyo,8.026391245,3.357533626,102.904,89013.0774
415,oyo lagelu,0,0,26,0,0,25,1,14,0,0,0,0,,0.322444508,444,267.979,Oyo,7.494845905,4.046896825,74.062,564982.121
209,oyo ogbomoso north,15,1,0,0,0,135,0,0,0,71,0,0,,0.262089847,368,197.11,Oyo,8.154479087,4.270447039,58.824,281077.3965
164,oyo ogbomoso south,28,2,0,0,0,87,0,0,0,122,0,1,,0.064059928,376,71.937,Oyo,8.079880583,4.233329183,40.332,157331.0128
46,oyo ogo oluwa,0,0,63,76,0,10,298,0,0,0,0,0,,0.037931336,379,473.845,Oyo,7.942995866,4.221617071,121.498,62500.1543
362,oyo olorunsogo,38,1,0,0,0,31,0,0,0,108,0,0,,0.017465765,326,1037.665,Oyo,8.751820952,4.090865619,155.408,70640.7478
449,oyo oluyole,22,1,0,0,0,65,0,0,0,22,3,0,,0.233923664,481,765.234,Oyo,7.183874333,3.877353437,117.299,449083.4721
378,oyo ona ara,33,1,0,0,0,39,0,0,0,154,1,1,,0.147221981,476,310.448,Oyo,7.250768902,4.040127642,84.841,286940.3863
682,oyo orelope,25,0,0,0,0,65,0,0,0,13,0,0,,0.023050546,327,920.401,Oyo,8.803832998,3.811437796,147.801,84976.4859
9,oyo oriire,4,1,91,0,0,11,0,108,0,2,0,0,,0.024132934,345,1910.959,Oyo,8.334229821,4.144232678,211.283,134256.6151
254,oyo oyo,57,0,0,0,0,28,0,0,0,105,0,0,,0.133724988,392,131.568,Oyo,7.878777156,4.021316819,59.329,54995.8172
615,oyo oyo east,57,0,0,0,0,51,0,0,0,55,1,0,,0.075540216,375,526.294,Oyo,7.941570227,3.821797048,105.775,359851.8343
372,oyo saki east,32,1,0,0,0,59,0,0,0,33,2,2,,0.021500784,328,1658.42,Oyo,8.683201553,3.603791152,179.961,67689.8475
573,oyo saki west,38,8,0,0,0,58,0,0,0,152,0,0,,0.017459954,335,2172.974,Oyo,8.569798284,3.147185965,228.31,345995.7826
718,oyo surulere,152,3,0,0,0,92,0,0,0,332,0,2,,0.02799161,365,799.216,Oyo,8.07179199,4.414903225,128.203,118282.3147
332,plateau barkin ladi,0,0,118,17,0,10,9,0,0,0,0,0,,0.034254173,272,856.055,Plateau,9.556095409,8.912174316,166.41,164746.9802
126,plateau bassa,36,6,0,0,0,29,1,0,0,45,1,1,,0.041003515,247,1479.105,Plateau,10.06732158,8.783184712,185.895,105978.6511
505,plateau bokkos,33,1,0,0,0,37,5,0,0,70,0,0,,0.004728884,296,1532.477,Plateau,9.209305268,8.899430024,158.438,207532.9151
750,plateau jos east,52,0,0,0,0,44,0,0,0,35,2,0,,0.028189655,267,802.559,Plateau,9.865349095,9.072094977,108.536,39962.1055
239,plateau jos north,45,5,0,0,0,10,0,0,0,5,0,0,,1.729032384,266,403.323,Plateau,9.908951559,8.871181223,78.34,591220.0381
270,plateau jos south,37,1,0,0,0,120,1,0,0,88,2,1,,0.343480582,270,453.764,Plateau,9.722177252,8.793054503,104.328,638303.9279
468,plateau kanam,93,6,0,0,0,49,0,0,0,256,2,0,,-0.017697544,271,3019.104,Plateau,9.527468541,10.05330366,294.186,147705.7514
704,plateau kanke,2,1,120,0,0,15,0,7,0,0,0,0,,0.003281002,291,1279.089,Plateau,9.397001132,9.578956443,156.741,78068.0958
36,plateau langtang north,49,1,0,0,0,106,1,0,0,198,2,5,,0.003948628,303,804.249,Plateau,9.087957877,9.777727499,165.052,176966.6896
488,plateau langtang south,7,12,0,0,0,27,2,0,0,16,0,8,,-0.015933451,338,1361.094,Plateau,8.583890977,9.810522448,148.518,119852.4549
384,plateau mangu,82,0,0,0,0,73,0,0,0,54,0,0,,0.010741299,274,1764.24,Plateau,9.399778099,9.150007274,205.29,255320.0747
344,plateau mikang,0,2,123,0,0,26,2,7,0,0,0,0,,-0.001150499,315,747.416,Plateau,9.013579258,9.570589155,153.224,79835.586
623,plateau pankshin,0,0,105,20,3,1,7,0,0,0,0,0,,0.005832642,288,1292.964,Plateau,9.263288345,9.394954747,203.012,145838.7101
374,plateau qua an pan,77,8,0,0,0,37,3,0,0,70,0,2,,-0.012141378,321,2381.537,Plateau,8.738296416,9.133422377,224.661,243570.3054
216,plateau riyom,0,0,108,0,0,22,1,2,0,0,0,0,,0.008884737,280,806.432,Plateau,9.530432006,8.686492535,122.641,89838.8039
253,plateau shendam,125,6,0,0,0,25,0,0,0,36,0,2,,-0.014401934,320,2501.515,Plateau,8.698298111,9.49977663,285.285,288083.6957
537,plateau wase,69,0,0,0,0,29,0,0,0,156,0,13,,-0.012478577,294,6209.003,Plateau,9.052514664,10.22896536,323.167,215512.0893
287,rivers abua odual,44,5,0,0,0,110,1,0,0,144,2,0,,0.262500319,714,673.838,Rivers,4.828550351,6.549153939,140.8,79308.2319
540,rivers ahoada east,4,38,0,0,0,86,0,0,0,2,0,2,,1.451075095,693,354.096,Rivers,5.058531371,6.618620875,114.092,229578.8606
652,rivers ahoada west,5,1,0,0,0,71,0,0,0,87,0,1,,12.58286894,691,440.862,Rivers,5.051759562,6.500536066,115.787,71769.4543
579,rivers akuku toru,18,0,23,0,0,45,11,17,0,0,0,0,,2.347948553,735,533.696,Rivers,4.549269526,6.73968338,125.944,17421.8093
258,rivers andoni,0,0,33,33,0,7,104,0,0,0,0,0,,0.281158217,744,235.36,Rivers,4.516090847,7.388384171,79.493,77340.6728
441,rivers asari toru,0,0,25,51,0,2,59,0,0,0,0,0,,0.51707516,728,99.479,Rivers,4.741407063,6.829306302,55.917,29774.0471
721,rivers bonny,13,0,0,0,0,55,0,0,0,54,2,0,,8.614411214,743,647.422,Rivers,4.510660586,7.192507086,139.81,107203.6285
458,rivers degema,0,0,51,78,0,85,57,0,0,0,0,0,,8.526271582,723,1023.248,Rivers,4.573433736,6.901457633,223.875,65368.1932
501,rivers eleme,12,1,0,0,0,143,0,0,0,6,0,0,,2.536140166,724,125.84,Rivers,4.768227872,7.165329347,46.559,241243.51
434,rivers emuoha,40,5,0,0,0,111,5,0,0,97,1,0,,0.660556368,687,762.646,Rivers,4.989697187,6.751652139,161.086,202552.0636
666,rivers etche,1,2,0,0,0,141,0,0,0,0,1,0,,0.959395849,694,568.879,Rivers,5.062704893,7.049993574,121.1,458612.1284
648,rivers gokana,4,2,0,0,0,253,0,0,0,46,0,3,,0.461907829,737,93.218,Rivers,4.660026483,7.282618718,43.954,155276.2184
17,rivers ikwerre,66,5,0,0,0,385,0,0,0,12,0,1,,0.731387825,690,673.248,Rivers,5.026760285,6.884054618,117.63,366636.2599
189,rivers khana,0,0,60,0,0,186,0,0,0,0,0,0,,0.151236251,726,520.661,Rivers,4.695075219,7.428098413,103.493,305501.9701
751,rivers obio akpor,9,23,0,0,0,67,0,0,0,0,0,0,,5.919052041,718,280.085,Rivers,4.849349351,7.001763658,83.299,1461953.462
749,rivers ogba egbema ndoni,74,16,0,0,0,75,0,0,0,12,0,0,,13.22123108,652,700.062,Rivers,5.394652183,6.639998913,184.44,386531.4035
334,rivers ogu bolo,0,0,36,37,0,11,1,0,0,0,0,0,,1.324913458,736,67.644,Rivers,4.643497216,7.183441669,48.186,15215.7634
517,rivers okrika,0,0,24,12,0,128,11,0,0,0,0,0,,8.13349597,732,226.901,Rivers,4.657420827,7.102013498,89.791,105224.8946
519,rivers omumma,0,1,15,0,0,41,0,0,0,0,0,0,,0.22457231,695,302.128,Rivers,5.093642615,7.184540416,72.275,117634.6099
278,rivers opobo nkoro,18,9,0,0,0,99,1,0,0,48,0,0,,0.2717315,745,167.605,Rivers,4.523239555,7.493693299,62.395,3459.9782
461,rivers oyigbo,32,5,0,0,0,100,0,0,0,0,0,1,,1.956087369,720,342.323,Rivers,4.835780771,7.288896017,107.718,255102.0291
506,rivers port harcourt,9,1,0,0,0,107,0,0,0,0,0,0,,4.537368395,727,194.759,Rivers,4.747750071,7.034301779,64.004,482981.1439
18,rivers tai,17,0,0,0,0,29,0,0,0,31,0,0,,0.474322644,729,101.697,Rivers,4.737835491,7.260695485,45.2,54218.2899
417,sokoto binji,1,4,40,0,0,32,7,56,0,0,0,0,,0.00896487,16,527.869,Sokoto,13.17967156,4.891626077,100.792,90210.7359
427,sokoto bodinga,5,2,0,0,0,86,0,0,0,60,0,0,,0.046022056,44,554.94,Sokoto,12.82542038,5.230392976,110.327,341899.6374
445,sokoto dange shuni,7,3,0,0,0,34,0,0,0,2,0,0,,0.011952343,40,1197.884,Sokoto,12.81902576,5.469980744,153.605,428866.768
125,sokoto gada,0,0,14,42,0,0,10,0,0,0,0,0,,0.005794477,0,1193.977,Sokoto,13.6734744,5.376003265,170.095,331188.3633
563,sokoto goronyo,18,1,0,0,0,54,0,0,0,74,0,1,,-0.001497585,7,1651.61,Sokoto,13.37200055,5.807781897,255.14,191742.7709
106,sokoto gudu,0,0,15,14,0,0,39,0,0,0,0,0,,-0.000227,755,4005.965,Sokoto,13.41484152,4.520069861,276.186,131624.8557
521,sokoto gwadabawa,48,1,0,0,0,32,1,0,0,87,1,1,,0.002764663,6,1009.712,Sokoto,13.42676977,5.375989002,172.871,237214.6359
451,sokoto illela,0,5,30,0,0,26,9,45,0,0,0,0,,-0.005184608,1,1298.423,Sokoto,13.6866942,5.724052401,174.726,240249.9169
151,sokoto isa,1,3,0,0,0,110,1,0,0,68,0,0,,-0.005727746,753,2082.867,Sokoto,13.21256711,6.333493754,254.064,170709.1372
430,sokoto kebbe,59,4,0,0,0,39,2,0,0,176,0,0,,0.001207114,117,2758.11,Sokoto,11.88230241,4.805727857,233.705,79882.2843
635,sokoto kware,15,13,0,0,0,62,0,0,0,82,0,0,,0.058930011,12,702.678,Sokoto,13.14966076,5.311966682,147.599,226929.4347
86,sokoto rabah,33,2,0,0,0,56,0,0,0,67,0,1,,-0.006237503,17,2654.951,Sokoto,12.97772924,5.773742497,222.453,149126.9062
656,sokoto sabon birni,53,3,0,0,0,82,0,0,0,295,0,1,,-0.00263533,5,2241.75,Sokoto,13.48060895,6.266445641,201.102,355039.4836
568,sokoto shagari,51,0,0,0,0,84,0,0,0,144,0,0,,0.003892824,60,1296.653,Sokoto,12.51656482,5.180747397,201.954,179389.1285
176,sokoto silame,11,0,0,0,0,48,0,0,0,60,1,0,,0.00130153,26,610.931,Sokoto,12.96422486,4.893639015,98.297,93701.9822
24,sokoto sokoto north,3,0,0,0,0,20,0,0,0,0,0,0,,2.750379049,29,39.581,Sokoto,13.06395461,5.267326071,25.821,253953.2219
607,sokoto sokoto south,3,4,0,0,0,3,0,0,0,1,0,0,,1.609625765,33,30.346,Sokoto,13.01870547,5.279452057,30.722,361027.999
651,sokoto tambuwal,1,5,42,0,0,67,7,46,0,0,0,0,,0.010581172,61,2207.511,Sokoto,12.35078818,4.880544324,289.473,249066.0156
107,sokoto tangaza,0,0,13,22,0,1,76,0,0,0,0,0,,0.006877905,2,2460.715,Sokoto,13.47705741,5.00071397,209.702,150850.6395
298,sokoto tureta,0,0,45,34,0,4,157,0,0,0,0,0,,0.002064594,66,1293.001,Sokoto,12.48309746,5.459307587,178.822,87419.7734
497,sokoto wamako,29,0,0,0,0,7,0,0,0,12,0,0,,0.55213616,21,571.605,Sokoto,13.04405847,5.120979383,105.038,494374.3569
419,sokoto wurno,48,1,0,0,0,47,1,0,0,70,6,4,,0.003834394,8,642.076,Sokoto,13.24284254,5.542393118,140.928,166591.9113
640,sokoto yabo,12,2,0,0,0,51,0,0,0,44,0,7,,0.012394307,46,828.959,Sokoto,12.76232393,5.002005583,135.11,112112.7358
732,taraba ardo kola,3,1,0,0,0,50,0,0,0,0,0,0,,0.026310774,318,2417.985,Taraba,8.811156806,11.23745484,212.958,129156.5381
154,taraba bali,2,1,98,0,0,20,2,1,0,0,0,0,,-0.00719547,344,8546.623,Taraba,8.147595904,11.04836268,465.213,371218.8118
677,taraba donga,1,0,0,0,0,27,0,0,0,3,0,0,,-0.013196608,374,3434.272,Taraba,7.681815989,10.28111244,377.591,208365.3826
628,taraba gashaka,12,0,0,0,0,3,0,0,0,0,0,0,,0.004144086,381,8267.946,Taraba,7.556608169,11.4303718,412.38,97738.0819
163,taraba gassol,0,0,15,2,0,1,0,0,0,0,0,0,,-0.022139031,336,5979.249,Taraba,8.443519101,10.57911189,359.334,551775.3335
429,taraba ibi,0,0,35,13,0,6,4,0,0,0,0,0,,-0.031742745,339,2848.122,Taraba,8.300290384,9.774787371,351.999,112121.6509
490,taraba jalingo,65,23,0,0,0,49,0,0,0,2,0,0,,0.546641386,325,191.234,Taraba,8.913730024,11.40137881,81.649,319816.9426
422,taraba karim lamido,0,1,77,0,0,28,0,5,0,0,0,0,,-0.015017323,286,6901.537,Taraba,9.236293784,10.97055672,434.825,298359.3257
523,taraba kurmi,79,2,0,0,0,32,0,0,0,2,2,2,,-0.003895772,430,4969.12,Taraba,7.229056229,10.66791205,358.321,91719.0622
38,taraba lau,49,3,0,0,0,32,0,0,0,4,0,0,,-0.009198856,297,1817.237,Taraba,9.174284834,11.52091739,194.063,163365.4308
195,taraba takum,9,0,103,0,0,18,11,6,1,1,3,0,,-0.014141797,440,1554.192,Taraba,7.428880038,10.06740137,172.466,317266.405
114,taraba ussa,109,6,0,0,0,10,1,0,0,8,17,2,,0.005963811,485,2458.809,Taraba,7.004542581,9.922402668,269.256,137197.7931
483,taraba yorro,0,0,38,14,0,0,3,0,0,0,0,0,,0.005508152,317,1337.907,Taraba,8.886942855,11.63680906,212.561,212386.2648
311,taraba zing,3,55,0,0,0,3,0,0,0,7,0,0,,0.010589746,322,891.351,Taraba,8.901708746,11.8274167,124.944,475688.3857
118,yobe barde,253,3,0,0,0,32,0,0,0,18,0,0,,-0.004622853,772,817.26,Yobe,12.71046002,10.89590789,216.207,164042.0041
167,yobe bosari,150,2,0,0,0,100,0,0,0,3,0,0,,0.003108809,45,3889.682,Yobe,12.71147029,11.42243002,251.058,137131.8983
394,yobe damaturu,100,0,0,0,0,33,0,0,0,5,0,0,,0.022161001,135,2450.811,Yobe,11.80366475,12.01977786,216.201,262969.6283
645,yobe fika,75,3,0,0,0,12,0,0,0,3,0,0,,0.002943455,175,2117.579,Yobe,11.3771508,11.27834675,233.79,224547.9183
438,yobe fune,8,0,4,0,0,82,131,52,0,0,0,0,,0.004753063,92,4995.274,Yobe,11.8165905,11.44856204,323.687,279803.4139
234,yobe geidam,0,0,36,34,0,15,18,0,0,0,0,0,,0.003603096,42,4303.837,Yobe,12.64598151,12.08018802,280.586,211704.5372
350,yobe gujba,21,4,0,0,0,72,0,0,0,8,0,0,,-0.007651559,176,3351.005,Yobe,11.36346891,12.00868012,268.564,232536.0499
669,yobe gulani,69,3,0,0,0,21,0,0,0,159,0,1,,-0.01247922,208,2328.545,Yobe,10.94691609,11.74743179,234.289,208964.1637
75,yobe jakusko,51,69,0,0,0,119,0,0,0,30,0,0,,0.002044899,56,3908.839,Yobe,12.40609219,10.91499655,290.617,169834.2828
181,yobe karasuwa,1,0,128,0,0,33,62,13,0,0,0,0,,0.005141528,27,1161.392,Yobe,12.93724777,10.74710239,201.644,102878.621
681,yobe machina,119,0,0,0,0,8,0,0,0,42,0,0,,-0.000366,18,1243.824,Yobe,13.02614718,9.998433484,180.189,106158.0236
754,yobe nangere,0,0,8,50,0,5,10,0,0,0,0,0,,0.048984064,129,998.029,Yobe,11.7931178,10.99906405,159.144,202819.9121
549,yobe nguru,366,0,0,0,0,11,0,0,0,3,0,3,,0.009542132,25,946.864,Yobe,12.94592461,10.3635697,131.456,160624.3462
336,yobe potiskum,31,0,0,0,0,12,0,0,0,56,0,1,,0.071719732,159,553.724,Yobe,11.69981758,11.19555791,99.835,435233.3322
616,yobe tarmuwa,0,0,20,51,0,33,89,0,0,0,0,0,,-0.000991,86,4504.328,Yobe,12.21004838,11.82883726,319.692,129830.2395
411,yobe yunusari,4,0,94,0,0,133,275,86,0,0,0,0,,0.004352377,10,3880.036,Yobe,13.10450137,11.74730105,347.123,208196.5167
166,yobe yusufari,0,0,30,11,0,3,0,0,0,0,0,0,,0.002478698,9,4292.148,Yobe,13.16310127,10.85230728,376.191,172082.914
507,zamfara anka,0,0,89,37,0,2,66,0,0,0,0,0,,-0.00033,102,2414.346,Zamfara,11.95629224,6.056730414,230.913,147432.8472
20,zamfara bakura,0,0,102,18,0,10,120,0,0,0,0,0,,0.040151909,59,2366.145,Zamfara,12.52981379,5.836028831,203.482,156087.663
93,zamfara birnin magaji,0,0,119,33,0,22,9,0,0,0,0,0,,0.000118,73,1112.499,Zamfara,12.4825398,6.893006424,144.461,195741.5361
566,zamfara bukkuyum,0,0,118,0,0,31,0,16,0,0,0,0,,-0.005577652,105,3128.65,Zamfara,11.93120186,5.700714154,247.598,237082.1594
137,zamfara bungudu,101,1,0,0,0,131,0,0,0,118,0,0,,0.03064773,87,1728.315,Zamfara,12.17479268,6.549680925,255.969,322814.8375
639,zamfara gummi,56,1,0,0,0,16,0,0,0,81,0,0,,0.005618319,111,3263.867,Zamfara,11.98370416,5.270665528,249.896,271521.3309
269,zamfara gusau,138,3,0,0,0,38,4,0,0,82,0,5,,0.103958573,93,3062.505,Zamfara,11.9126915,6.766807688,413.17,465871.2747
349,zamfara kaura namoda,203,1,0,0,0,59,1,0,0,71,4,0,,0.040189567,67,677.842,Zamfara,12.53641215,6.593420659,141.58,261690.0572
25,zamfara maradun,60,2,0,0,0,20,0,0,0,118,0,5,,-0.006153864,34,2331.225,Zamfara,12.75167786,6.274630648,235.205,181721.3912
469,zamfara maru,20,1,153,0,0,31,67,13,0,0,0,0,,0.008840139,773,7795.261,Zamfara,11.48607841,6.342002919,536.5,380663.8793
609,zamfara shinkafi,60,37,0,0,0,100,0,0,0,48,1,0,,0.000263,22,920.291,Zamfara,13.01383395,6.472302265,144.767,130267.2089
309,zamfara talata mafara,113,2,0,0,0,15,0,0,0,59,4,0,,0.02086543,75,1015.738,Zamfara,12.36682636,6.116023814,135.481,190256.4587
87,zamfara tsafe,0,0,128,24,0,19,130,0,0,0,0,0,,0.011178933,124,2060.054,Zamfara,11.93082803,6.926340563,191.971,264298.4493
453,zamfara zurmi,7,1,181,0,0,41,0,30,0,0,0,0,,-0.000399,756,2782.613,Zamfara,12.83184429,6.781314483,282.126,251731.8971
