mean,system:index,AREA,LGA,STATE,Latitude,Longitude,PERIMETER
0.005794477057298966,0,1193.977,Gada,Sokoto,13.6734744005,5.3760032652,170.095
-0.005184607610384242,1,1298.423,Illela,Sokoto,13.6866942032,5.7240524011,174.726
0.0068779053820096185,2,2460.715,Tangaza,Sokoto,13.4770574104,5.00071397,209.702
0.005252384514809543,3,2430.515,Abadam,Borno,13.3648595697,13.1869873289,288.957
-0.006369370116239179,4,5225.912,Lake chad,Lake,13.1207005357,13.8040647352,497.039
-0.0026353303100778666,5,2241.75,Sabon Birni,Sokoto,13.4806089515,6.26644564097,201.102
0.002764662977505204,6,1009.712,Gwadabawa,Sokoto,13.4267697688,5.37598900202,172.871
-0.0014975850608276887,7,1651.61,Goronyo,Sokoto,13.3720005526,5.80778189684,255.14
0.0038343941817360967,8,642.076,Wurno,Sokoto,13.2428425398,5.54239311812,140.928
0.002478698237602708,9,4292.148,Yusufari,Yobe,13.1631012657,10.8523072804,376.191
0.004352376705808016,10,3880.036,Yunusari,Yobe,13.1045013681,11.7473010474,347.123
0.02099799768631137,11,972.081,Kaita,Katsina,13.1624670475,7.72324322838,137.735
0.05893001078010707,12,702.678,Kware,Sokoto,13.1496607561,5.31196668229,147.599
0.02405383972887557,13,910.661,Mashi,Katsina,13.1240611318,7.98334522514,141.039
-0.0023426617147879257,14,2086.713,Kukawa,Borno,12.9813015308,13.5955335251,273.008
0.0452161734084059,15,576.688,Mai'Adua,Katsina,13.1445838253,8.20798938756,122.765
0.008964869816935757,16,527.869,Binji,Sokoto,13.1796715583,4.89162607706,100.792
-0.006237502786594317,17,2654.951,Rabah,Sokoto,12.9777292427,5.77374249692,222.453
-3.6636925643287067E-4,18,1243.824,Machina,Yobe,13.0261471818,9.99843348353,180.189
0.006829548294306855,19,4952.362,Arewa Dandi,Kebbi,12.6940874201,4.05509521702,374.855
0.015283571518040563,20,1099.06,Jibia,Katsina,12.9855642044,7.29638829311,209.112
0.5521361595326812,21,571.605,Wamako,Sokoto,13.0440584744,5.12097938255,105.038
2.634249808343901E-4,22,920.291,Shinkafi,Zamfara,13.0138339462,6.47230226469,144.767
-0.003590598850712661,23,2313.066,Guzamala,Borno,12.87652106,13.2731911456,245.222
0.028542665184429987,24,1519.903,Augie,Kebbi,12.8753795461,4.64078960531,178.015
0.009542132142115937,25,946.864,Nguru,Yobe,12.9459246076,10.3635696957,131.456
0.0013015303314238146,26,610.931,Silame,Sokoto,12.9642248599,4.89363901494,98.297
0.0051415279675058965,27,1161.392,Karasuwa,Yobe,12.9372477727,10.7471023943,201.644
0.021456909061201686,28,775.836,Mani,Katsina,12.88463851,7.92219283636,159.483
2.7503790489246036,29,39.581,Sokoto North,Sokoto,13.0639546087,5.26732607053,25.821
0.09311986413448574,30,314.929,Daura,Katsina,12.9852391718,8.24210948349,74.735
0.00766765249071791,31,648.034,Zango,Katsina,12.9393692468,8.53092756782,112.034
2.6061658463658377,32,145.475,Katsina,Katsina,13.0010321073,7.61172914899,46.744
1.6096257653138413,33,30.346,Sokoto South,Sokoto,13.0187054664,5.27945205683,30.722
-0.006153863965647721,34,2331.225,Maradun,Zamfara,12.7516778577,6.27463064771,235.205
0.06516955782690634,35,473.409,Rimi,Katsina,12.8216009585,7.6947836707,117.871
0.19706437943417102,36,442.871,Batagarawa,Katsina,12.8851626172,7.56618866602,156.647
2.8304538725468557E-4,37,2504.059,Gubio,Borno,12.6635523498,12.7949241253,215.022
0.0190737579376024,38,288.665,Dutsi,Katsina,12.9026335893,8.13630284131,83.753
0.0036167066834971104,39,1072.743,Batsari,Katsina,12.772166253,7.24470862641,163.425
0.011952343427686434,40,1197.884,Dange-Shuni,Sokoto,12.8190257598,5.46998074378,153.605
0.014598330316616833,41,287.807,Sandamu,Katsina,12.8918835833,8.34861037229,77.109
0.003603096444989274,42,4303.837,Geidam,Yobe,12.6459815112,12.0801880204,280.586
0.039891673064233066,43,1587.695,Biriniwa,Jigawa,12.7827491107,10.0334844749,173.679
0.046022055588318504,44,554.94,Bodinga,Sokoto,12.8254203826,5.23039297604,110.327
0.003108809250304123,45,3889.682,Borsari,Yobe,12.7114702946,11.4224300194,251.058
0.01239430682624226,46,828.959,Yabo,Sokoto,12.762323932,5.00200558347,135.11
-7.786083762984447E-4,47,735.83,Baure,Katsina,12.7876918309,8.7557639713,123.193
0.0022941473666856275,48,2502.439,Nganzai,Borno,12.4869882397,13.1775252362,243.165
0.011347405160518187,49,558.026,Kurfi,Katsina,12.6843497385,7.48880390557,132.697
0.0022779190260593172,50,1043.889,Babura,Jigawa,12.5869503893,8.83752921938,154.618
0.11335798583142298,51,562.784,Gwiwa,Jigawa,12.7313261788,8.25227628739,98.635
0.08739334444395547,52,448.059,Yankwashi,Jigawa,12.7301280568,8.49474322649,112.758
0.015305184246546043,53,1074.267,Guri,Jigawa,12.6160094436,10.4536704632,137.085
0.03947656984787475,54,858.143,Kaugama,Jigawa,12.4696144366,9.74525745332,189.301
0.017816314138942656,55,393.549,Bindawa,Katsina,12.7089657997,7.85298858956,110.336
0.002044898727947105,56,3908.839,Jakusko,Yobe,12.4060921868,10.9149965476,290.617
0.09523545087580322,57,1207.803,Argungu,Kebbi,12.634370621,4.44109449486,171.732
0.012488505897373239,58,765.692,Ingawa,Katsina,12.6070830201,8.06853089366,159.374
0.040151909322182884,59,2366.145,Bakura,Zamfara,12.529813792,5.83602883086,203.482
0.003892824165486631,60,1296.653,Shagari,Sokoto,12.5165648211,5.18074739651,201.954
0.010581171817347973,61,2207.511,Tambuwal,Sokoto,12.3507881846,4.88054432403,289.473
0.10351710919070718,62,808.531,Kiri Kasamma,Jigawa,12.5387890649,10.2235590631,138.621
0.018098035372968106,63,464.027,Charanchi,Katsina,12.5948824247,7.67396103217,108.887
-0.0017837301058582099,64,1515.039,Monguno,Borno,12.4846424104,13.5581082311,192.641
0.12223021423440014,65,367.065,Kazaure,Jigawa,12.6241262809,8.52134819474,122.167
0.0020645935186356,66,1293.001,Tureta,Sokoto,12.4830974567,5.45930758727,178.822
0.04018956722727757,67,677.842,Kaura Namoda,Zamfara,12.5364121496,6.59342065914,141.58
0.3168109041403391,68,238.098,Gumel,Jigawa,12.5946304036,9.36207278147,61.613
0.1407873396727231,69,787.242,Malam Maduri,Jigawa,12.5262879318,9.98211547106,140.602
0.008958682368703605,70,237.79,Roni,Jigawa,12.5615116161,8.3164027322,110.887
-0.0037765808623425223,71,1353.244,Safana,Katsina,12.4698604226,7.26012906865,157.759
0.058178823946305434,72,856.333,Gwandu,Kebbi,12.4665433501,4.67767356277,160.225
1.1833194780441052E-4,73,1112.499,Birnin-Magaji/Kiyaw,Zamfara,12.482539796,6.89300642404,144.461
0.02992167604754762,74,853.836,Kankia,Katsina,12.4320944433,7.79075222801,146.346
0.02086543043325124,75,1015.738,Talata-Mafara,Zamfara,12.3668263614,6.11602381444,135.481
0.29483958118676046,76,1253.632,Birnin-Kebbi,Kebbi,12.413040138,4.30482501173,172.714
0.01545109760128778,77,724.154,Gagarawa,Jigawa,12.4651337804,9.52791654435,117.703
0.050037596482342,78,546.871,Dutsinma,Katsina,12.4294847797,7.51905151492,119.138
-0.00368478083126496,79,5133.506,Magumeri,Borno,12.1777792629,12.6746846471,305.925
0.01589755133007715,80,800.022,Dambatta,Kano,12.3995248754,8.6197523263,135.711
0.017624796348688063,81,403.585,Makoda,Kano,12.4085958316,8.46151556959,122.794
0.008040641988888991,82,399.347,Kusada,Katsina,12.4413985185,7.97834138472,85.685
0.005036804741077497,83,706.672,Kunchi,Kano,12.4076915563,8.25334105132,113.824
0.011491448425988383,84,1297.764,Garki,Jigawa,12.3719236431,9.08167770284,197.344
-2.4612688043216006E-4,85,1691.28,Zaki,Bauchi,12.2146919638,10.3816194723,254.3
-9.914827571099942E-4,86,4504.328,Tarmuwa,Yobe,12.2100483808,11.8288372584,319.692
0.030647730447223697,87,1728.315,Bungudu,Zamfara,12.1747926804,6.54968092476,255.969
1.192634072459846,88,47.431,Hadejia,Jigawa,12.4271236037,10.0311220387,27.137
0.036304220259539284,89,696.867,Kalgo,Kebbi,12.2631927934,4.08263253377,128.713
-0.007311463001163092,90,1328.809,Ngala,Borno,12.1978619458,14.272994681,153.916
0.10536752767872246,91,500.453,Auyo,Jigawa,12.3155010776,9.99689220121,153.313
0.004753062778801088,92,4995.274,Fune,Yobe,11.8165905014,11.4485620411,323.687
0.10395857292056918,93,3062.505,Gusau,Zamfara,11.9126915025,6.76680768816,413.17
0.004250643823749931,94,412.742,Tsanyawa,Kano,12.2501905352,7.99336752006,87.777
0.18012685492010005,95,366.516,Aleiro,Kebbi,12.2489877744,4.47859302114,81.196
-0.003355443108465247,96,1241.455,Kala/Balge,Borno,12.037172578,14.5258432871,188.29
0.00418812605139074,97,2980.671,Gamawa,Bauchi,12.020513098,10.6215410978,244.217
0.0013185480729150532,98,517.26,Matazu,Katsina,12.2453062495,7.62755297309,93.649
0.05798713889708309,99,678.662,Taura,Jigawa,12.2330474819,9.34263225605,138.645
0.013610782978846462,100,1401.166,Kafin Hausa,Jigawa,12.1323642214,10.0101600813,151.565
0.022093654566818045,101,610.056,Bichi,Kano,12.2428302245,8.24562511248,127.066
-3.297527349830486E-4,102,2414.346,Anka,Zamfara,11.956292241,6.05673041445,230.913
0.006400775830118754,103,2933.849,Mafa,Borno,12.0127147995,13.617847528,270.565
-0.003613663069750545,104,794.96,Danmusa,Katsina,12.2070358431,7.33425049796,124.908
-0.005577652180460259,105,3128.65,Bukkuyum,Zamfara,11.9312018561,5.70071415383,247.598
0.020466011098805484,106,618.096,Miga,Jigawa,12.1912258657,9.67558663706,112.198
0.12462443388838497,107,415.334,Minjibir,Kano,12.173661188,8.59765949699,89.745
0.08010853069971595,108,872.272,Ringim,Jigawa,12.1303343823,9.09644594902,153.075
0.023478852615094446,109,660.079,Gabasawa,Kano,12.1537894469,8.83544365666,116.994
0.01507454247737031,110,626.404,Shanono,Kano,12.067296838,7.94086129708,126.97
0.00561831860648545,111,3263.867,Gummi,Zamfara,11.9837041598,5.27066552812,249.896
0.0026524104690833343,112,862.701,Musawa,Katsina,12.0725399536,7.69513779052,167.405
0.024232575206986635,113,1482.546,Maiyama,Kebbi,11.9055664402,4.35298870773,205.124
0.03899521273159618,114,904.481,Jega,Kebbi,12.033354069,4.48557977666,139.043
0.042321666704083674,115,808.811,Bunza,Kebbi,12.1034702288,3.96904341407,111.823
0.1254919248855958,116,449.088,Dawakin Tofa,Kano,12.1211724276,8.36869229807,115.287
0.0012071142817261158,117,2758.11,Kebbe,Sokoto,11.8823024111,4.80572785684,233.705
0.009294813807182169,118,1435.922,Kankara,Katsina,11.9540947528,7.37102217575,210.868
0.025552604970094452,119,5889.791,Konduga,Borno,11.6121503411,13.1817297806,515.01
0.014942649419248687,120,383.842,Bagwai,Kano,12.0801692607,8.11856377599,85.513
0.025593720338627907,121,1201.961,Jahun,Jigawa,12.0339809457,9.5378599593,167.701
0.0010686161631653158,122,1791.347,Dikwa,Borno,11.9144788168,14.120303193,199.168
0.04032075828197541,123,873.84,Jere,Borno,11.9022926798,13.2505156423,184.365
0.011178933160419421,124,2060.054,Tsafe,Zamfara,11.9308280287,6.92634056309,191.971
0.9592744718865863,125,364.907,Gezawa,Kano,12.0336373585,8.70394439603,89.021
3.717411098257797,126,187.442,Ungogo,Kano,12.0468101932,8.50461837766,76.109
0.029360655492465828,127,2210.102,Dandi,Kebbi,11.7948115471,3.83745482388,198.234
0.1890949466790319,128,203.698,Tofa,Kano,11.9957270321,8.31067470329,66.71
0.048984064024074736,129,998.029,Nangere,Yobe,11.7931177953,10.9990640455,159.144
0.003929492905126056,130,693.982,Ajingi,Kano,11.9479648933,9.02950119478,128.946
0.003665154122414817,131,1545.691,Itas/Gadau,Bauchi,11.8479972379,10.0531601008,232.697
0.015675747532919514,132,1288.358,Suru,Kebbi,11.7707491371,4.13634038043,192.822
17.912518106264745,133,19.019,Nassarawa,Kano,12.0058830868,8.50837802106,21.054
6.349254606362776,134,24.943,Dala,Kano,11.9983775911,8.46251871145,24.213
0.022161001457002883,135,2450.811,Damaturu,Yobe,11.8036647537,12.0197778553,216.201
0.2236075219850763,136,1036.537,Dutse,Jigawa,11.7748907729,9.29826965498,155.571
20.16933112639027,137,27.66,Fagge,Kano,11.9851340336,8.55378229937,20.167
0.0704131678287385,138,210.163,Rimin Gado,Kano,11.925645729,8.25844989955,78.295
13.307475208161843,139,23.81,Gwale,Kano,11.9682640164,8.46868348459,23.055
11.513427669404487,140,23.628,Tarauni,Kano,11.9549790817,8.52827962178,25.141
0.041022884694174006,141,363.268,Gwarzo,Kano,11.8834986014,7.94183346849,91.415
0.036815769150415116,142,662.153,Malumfashi,Katsina,11.8390805524,7.65752298044,133.543
0.3996478545326833,143,345.302,Warawa,Kano,11.898825638,8.72847518848,86.974
0.04941915524550117,144,1106.815,Kiyawa,Jigawa,11.8116994776,9.575601187,175.273
6.915155972583449,145,26.499,Kano Municipal,Kano,11.940450826,8.47748473507,22.044
0.04818428684239016,146,314.364,Kabo,Kano,11.8667321992,8.17236888088,94.478
1.911886743788139,147,162.81,Kumbotso,Kano,11.9049997613,8.49728910721,63.807
1.0143610323797845,148,131.23,Maiduguri,Borno,11.8527514706,13.199615039,54.355
-0.0084625288066695,149,2773.567,Kaga,Borno,11.6468688226,12.5423567417,238.477
0.1808824753184406,150,267.91,Madobi,Kano,11.8099935866,8.35477438039,89.933
0.21257216156304257,151,351.8,Dawakin Kudu,Kano,11.7964774188,8.64593768969,101.37
0.03147369018088139,152,335.617,Wudil,Kano,11.741454213,8.8383784805,105.949
0.025899909897647844,153,1701.466,Faskari,Katsina,11.6561805231,7.09966372409,198.124
0.0030594122332494545,154,619.544,Gaya,Kano,11.7729506783,9.01608720571,119.561
0.06596703886097754,155,450.051,Karaye,Kano,11.7503956226,7.99282296148,104.486
0.010714261973232483,156,1031.357,Kafur,Katsina,11.6365812165,7.70052059045,158.518
-0.0019124772035706652,157,4486.311,Bama,Borno,11.5505768996,14.1501194386,333.282
0.16822129892064921,158,240.989,Kura,Kano,11.7707511698,8.47003323173,78.902
0.07171973214900772,159,553.724,Potiskum,Yobe,11.6998175805,11.1955579058,99.835
0.033905832032404236,160,1952.149,Katagum,Bauchi,11.6170584395,10.2755567499,323.023
0.06111306592320352,161,831.066,Kiru,Kano,11.5885228239,8.12661961212,178.992
0.06589465662878376,162,669.028,Bakori,Katsina,11.6071346122,7.43480111052,136.59
0.009743744899880299,163,988.286,Damban,Bauchi,11.5861740761,10.8262904081,129.903
0.05734463224956424,164,470.368,Bunkure,Kano,11.6631506181,8.56795946154,118.722
0.017759417543203593,165,549.474,Jama'are,Bauchi,11.6747683823,9.9327313648,109.066
0.12746858320506446,166,240.516,Garum Mallam,Kano,11.6469387265,8.37304562558,69.719
0.04429275750577287,167,546.281,Buji,Jigawa,11.5628015619,9.73235081114,108.467
0.004326843751371911,168,523.199,Zuru,Kebbi,11.4808800987,5.30761880914,138.763
0.11831892454407186,169,758.962,Bebeji,Kano,11.4916608366,8.28411960245,113.861
0.00970290518127625,170,460.539,Albasu,Kano,11.622545428,9.09149957855,117.04
0.06729884081846889,171,1435.966,Birnin Kudu,Jigawa,11.4511782159,9.49081662634,177.797
-0.0033684762981200734,172,458.608,Garko,Kano,11.5506380847,8.80893378072,127.175
0.003921262491797804,173,1959.322,Fakai,Kebbi,11.4928422123,4.93089468542,214.264
0.008911705698872039,174,1309.468,Koko/Besse,Kebbi,11.4355305237,4.43952231356,193.856
0.0029434551711392276,175,2117.579,Fika,Yobe,11.377150799,11.2783467473,233.79
-0.007651559108613122,176,3351.005,Gujba,Yobe,11.3634689085,12.0086801154,268.564
6.531262883436896E-5,177,814.539,Rogo,Kano,11.5051008807,7.84791855969,114.528
-0.0064596931713343875,178,373.929,Kibiya,Kano,11.4879073996,8.64464936978,85.52
0.025300614346009387,179,472.851,Rano,Kano,11.4664974476,8.49875230356,108.665
0.01722847455225128,180,786.059,Takai,Kano,11.4671501168,9.14351415279,137.931
-0.0032606891028679444,181,908.407,Shira,Bauchi,11.4262979916,10.0896325864,127.18
0.0010897285942293305,182,656.404,Giade,Bauchi,11.3863771131,10.2570403618,132.978
0.2938412793145651,183,482.248,Funtua,Katsina,11.4428190508,7.30597902757,113.663
-0.011383717320146881,184,1190.879,Sumaila,Kano,11.3115418429,8.87088822153,157.924
0.003731098719044206,185,1216.757,Misau,Bauchi,11.3617150023,10.500817344,171.161
0.05582336431006937,186,428.777,Dandume,Katsina,11.387575559,7.20117314811,94.646
0.0016437342733386653,187,1502.343,Shanga,Kebbi,11.2084156523,4.72668755245,205.3
-0.010433045058443927,188,6485.544,Damboa,Borno,11.1272154465,12.8370750768,427.86
0.047447848606506055,189,466.281,Danja,Katsina,11.386016763,7.56467308625,121.701
-2.0448607577503415E-4,190,902.758,Ikara,Kaduna,11.2526479195,8.19608748294,204.695
-0.0075850177674457704,191,2432.214,Gwoza,Borno,11.1875593282,13.6476646098,206.635
0.011332316680148452,192,2025.904,Gwaram,Jigawa,11.1783422113,9.99184358854,245.29
0.01968111982167967,193,665.734,Sabuwa,Katsina,11.2841807369,7.09350346809,131.035
0.023619612964090788,194,518.896,Makarfi,Kaduna,11.3004070649,7.97148222316,95.01
0.011051978822421982,195,1132.51,Tundun Wada,Kano,11.251116068,8.55698446816,226.083
-0.0020407988575660463,196,2498.174,Darazo,Bauchi,11.1360899124,10.6248083219,277.019
-0.011611019814261391,197,1359.464,Sakaba,Kebbi,11.1485362595,5.5443829652,174.433
0.014821192957633145,198,1957.978,Giwa,Kaduna,11.1045177602,7.39207275227,214.4
0.04599741160265297,199,395.747,Kudan,Kaduna,11.2520237444,7.7829174131,92.978
0.017384537204269364,200,6281.145,Birnin Gwari,Kaduna,10.8573347037,6.65462295834,434.131
-0.00506518238617164,201,3040.086,Rijau,Niger,11.0707552474,5.15864522656,256.499
-0.0056761192181253636,202,5194.948,Ningi,Bauchi,11.0234626077,9.20900261679,296.504
0.0021843432228774522,203,1895.418,Nafada,Gombe,11.1001302448,11.2146274525,171.672
1.6586096143863198E-4,204,650.683,Warji,Bauchi,11.1364821204,9.74836734242,98.432
-0.006666513979714425,205,3692.063,Dukku,Gombe,10.8060138596,10.8700145167,270.941
0.9076582774201647,206,244.708,Sabon Gari,Kaduna,11.1595011868,7.688105219,70.784
0.004804570696215851,207,1445.992,Doguwa,Kano,10.8341879343,8.64602181702,200.421
-0.012479220155982088,208,2328.545,Gulani,Yobe,10.9469160871,11.7474317927,234.289
-0.0020763669791036064,209,2159.857,Soba,Kaduna,10.9398217426,7.98574160543,192.611
0.0015366215570140377,210,953.027,Yauri,Kebbi,11.0014141757,4.60652538708,205.94
-0.002991396971804403,211,2428.078,Kubau,Kaduna,10.8470966488,8.34323800308,248.365
-0.014037968406656129,212,5772.875,Mariga,Niger,10.6706452211,5.81912272766,369.762
0.5075659083423439,213,303.404,Zaria,Kaduna,11.0231429991,7.71427751159,82.388
-0.0070429692361710546,214,3326.788,Biu,Borno,10.7918761938,12.1848938201,268.829
-0.017366990585500553,215,5305.348,Ganjuwa,Bauchi,10.7327351308,10.0239897864,371.544
-0.0037990710136488787,216,2595.889,Ngaski,Kebbi,10.5438882761,4.77427841416,308.5
3.671726314463496E-4,217,1801.119,Agwara,Niger,10.7747570007,4.53976706186,177.907
0.04325222747136569,218,1415.664,Funakaye,Gombe,10.806443462,11.4095509584,150.326
0.2683990366290788,219,3508.283,Igabi,Kaduna,10.7168893052,7.54707120748,349.105
-0.022636834890532535,220,1399.068,Chibok,Borno,10.8267441034,12.8799270883,149.955
-0.003766043046830382,221,498.673,Madagali,Adamawa,10.8389714493,13.5432611198,97.89
-0.004898088376526807,222,7111.208,Toro,Bauchi,10.3984105119,9.21183722795,408.122
-0.01767189774968292,223,2198.599,Askira/Uba,Borno,10.6406290356,13.0257289383,275.575
0.12449836219536069,224,4879.182,Chikun,Kaduna,10.366944535,7.24092067152,434.993
-0.0189067000353094,225,689.417,Michika,Adamawa,10.6076488608,13.4507828373,116.98
0.003304858068723586,226,3764.949,Magama,Niger,10.3708015477,4.98006043052,360.828
-0.005910768599283142,227,1065.878,Bayo,Borno,10.4205769753,11.789951316,152.602
0.006232231422547259,228,1658.694,Kwami,Gombe,10.5323848514,11.2402095826,181.361
0.031419531977574314,229,2021.578,Kontagora,Niger,10.4247195452,5.47514034136,206.77
-0.009044492204922863,230,2526.468,Kirfi,Bauchi,10.4061840685,10.570170095,203.789
-0.009680653844304242,231,2739.35,Kauru,Kaduna,10.2632901193,8.28680262118,317.624
-0.002027589852765304,232,2325.557,Lere,Kaduna,10.3265333233,8.5553753549,233.654
0.0024178037362614295,233,2079.023,Hawul,Borno,10.4571431258,12.3720396432,217.165
0.02496001798557281,234,5275.07,Shiroro,Niger,10.1111388765,6.67211069484,459.323
6.5314965669400165,235,87.798,Kaduna North,Kaduna,10.5608323857,7.45528951538,53.048
-0.010025813086541768,236,735.947,Kwaya Kusar,Borno,10.4407421982,11.9807845083,119.134
0.0046867587413275,237,2169.225,Yamaltu/Deba,Gombe,10.3017802319,11.5398991987,217.043
0.028429770668568135,238,3508.958,Rafi,Niger,10.1651601409,6.24821161833,309.948
-0.00904269421433552,239,2732.219,Hong,Adamawa,10.3034473309,13.02889157,220.773
7.772977520406809,240,60.113,Kaduna South,Kaduna,10.4737238479,7.42260254317,38.603
0.06281158164679185,241,3976.84,Bauchi,Bauchi,10.2157210919,9.94753890435,292.294
-0.003316935509259736,242,2234.228,Kajuru,Kaduna,10.2523021046,7.88508748872,201.982
0.0019495760986734658,243,687.937,Mubi North,Adamawa,10.3268692408,13.3803245227,126.823
-0.011906899875895193,244,1865.627,Girie,Adamawa,10.1868696812,12.6476014667,194.495
0.20410005585989197,245,2864.11,Akko,Gombe,10.1482569279,11.0693173683,266.37
-0.011039935824754852,246,1197.438,Shani,Borno,10.1741408141,12.0653825936,150.52
0.04100351536893719,247,1479.105,Bassa,Plateau,10.0673215815,8.78318471162,185.895
0.15218135308359007,248,15.194,Gombe,Gombe,10.3125093189,11.2401049858,15.776
-0.018019296440322265,249,1605.411,Shelleng,Adamawa,9.92292013211,12.2292980664,202.623
-0.012105507111098722,250,6133.911,Alkaleri,Bauchi,9.85709646646,10.5154818727,387.282
-1.9335855669453091E-4,251,9114.887,Mashegu,Niger,9.86264024544,5.23347397224,492.217
-0.017975348648744234,252,185.577,Mubi South,Adamawa,10.1903801826,13.3932565402,57.961
-0.010850501583331283,253,2188.108,Tafawa-Balewa,Bauchi,9.82181706574,9.53574442226,308.155
-0.01719003848039423,254,530.763,Maiha,Adamawa,9.88745679267,13.2248375228,161.644
5.4399380935341E-4,255,4624.107,Kachia,Kaduna,9.81853178911,7.6486666727,362.304
0.0038309019812229977,256,7887.974,Kaiama,Kwara,9.45954487071,4.17928163252,410.375
0.0064067937891521655,257,10357.668,Baruten,Kwara,9.29478910421,3.3919941259,542.227
0.017815228787344886,258,2633.826,Zangon Kataf,Kaduna,9.8226332533,8.22597971973,213.156
-0.008027794229299058,259,528.632,Dass,Bauchi,9.99732695709,9.47704995328,95.753
3.673331666423202E-5,260,1801.476,Balanga,Gombe,9.84447388417,11.7200339686,216.627
0.007601878626242794,261,2265.14,Muya,Niger,9.80981714234,7.01731915808,230.732
-0.008582746005239353,262,1061.022,Kaltungo,Gombe,9.87648257976,11.5037221563,143.977
-0.013663464930566034,263,4324.615,Song,Adamawa,9.8111971991,12.7316184114,321.632
-0.003953803236963796,264,699.835,Guyuk,Adamawa,9.82368663049,11.9983596478,130.547
-0.005537115845005804,265,839.195,Billiri,Gombe,9.88102363239,11.1802880557,136.965
1.7290323835207886,266,403.323,Jos North,Plateau,9.90895155851,8.87118122339,78.34
0.028189654525923542,267,802.559,Jos East,Plateau,9.86534909547,9.07209497736,108.536
-0.006973946843235106,268,1886.07,Wushishi,Niger,9.67622396903,5.93325798588,238.34
-0.011925741415895152,269,851.998,Shomgom,Gombe,9.68755785637,11.2457322058,127.024
0.34348058212024685,270,453.764,Jos South,Plateau,9.72217725243,8.79305450285,104.328
-0.01769754379933283,271,3019.104,Kanam,Plateau,9.52746854105,10.053303661,294.186
0.03425417318362305,272,856.055,Barkin Ladi,Plateau,9.55609540913,8.91217431642,166.41
0.14511135140954265,273,1589.8,Bosso,Niger,9.59819585634,6.38704357309,211.481
0.010741299478008382,274,1764.24,Mangu,Plateau,9.39977809938,9.15000727416,205.29
0.019931107715555712,275,2215.32,Paikoro,Niger,9.46809765748,6.85565278511,311.559
-0.004980623836149262,276,4270.342,Fufore,Adamawa,9.16631115257,12.6384124718,433.228
-0.010802111865407757,277,653.946,Bogoro,Bauchi,9.63070195033,9.6075003108,107.026
0.055442659557663865,278,508.776,Kaura,Kaduna,9.59316981707,8.45709699201,104.383
0.03047227865152651,279,1167.036,Lamurde,Adamawa,9.56823138644,11.8085189674,154.327
0.008884737363649935,280,806.432,Riyom,Plateau,9.53043200612,8.68649253544,122.641
0.057635125725385816,281,2289.566,Demsa,Adamawa,9.36422688667,12.1814433978,229.339
2.1895233938453615,282,73.751,Chanchaga,Niger,9.60547139049,6.51419383518,33.141
0.01051792608749442,283,813.295,Numan,Adamawa,9.4527405372,11.9349338862,177.191
0.034061750729940755,284,429.905,Jaba,Kaduna,9.44895553313,8.03468141006,98.461
0.024153636200883306,285,1084.333,Gombi,Adamawa,9.43036077567,12.589907895,158.498
-0.015017323039759448,286,6901.537,Karim Lamido,Taraba,9.23629378358,10.9705567222,434.825
0.06039270583435492,287,3986.091,Mokwa,Niger,9.24373037035,5.14636393552,582.23
0.005832642373366315,288,1292.964,Pankshin,Plateau,9.26328834472,9.39495474672,203.012
0.007900269447717044,289,1804.877,Gbako,Niger,9.28456324433,5.98613963177,212.515
0.010746586332865765,290,1712.243,Jema'a,Kaduna,9.33521727002,8.24823694537,217.579
0.0032810016443822303,291,1279.089,Kanke,Plateau,9.39700113204,9.57895644256,156.741
0.08301885911496686,292,1141.298,Gurara,Niger,9.32203396614,7.02318407421,235.499
0.01005346979424915,293,1732.748,Katcha,Niger,9.11672823002,6.24219363516,299.235
-0.012478576523336164,294,6209.003,Wase,Plateau,9.05251466416,10.2289653557,323.167
0.009227136375978811,295,1323.478,Sanga,Kaduna,9.21347291904,8.48169088914,203.467
0.004728883626705132,296,1532.477,Bokkos,Plateau,9.20930526845,8.89943002428,158.438
-0.009198856212883126,297,1817.237,Lau,Taraba,9.17428483419,11.5209173907,194.063
-3.493966599901365E-4,298,3042.211,Lapai,Niger,8.72698625686,6.63519952935,365.636
0.2692464102572313,299,2657.359,Karu,Nassarawa,9.02765405372,7.76584587447,284.963
1.679154987967871,300,818.909,Bwari,Abuja,9.20786352004,7.42993419105,153.605
1.340079762267393,301,139.068,Tafa,Niger,9.24271928285,7.23087700352,68.698
0.5837587302017622,302,139.997,Yola North,Adamawa,9.25161822815,12.5200690773,50.841
0.003948627544710119,303,804.249,Langtang North,Plateau,9.08795787735,9.77772749886,165.052
0.449307068816866,304,121.968,Suleja,Niger,9.18822594912,7.15108400961,48.953
0.00675422712383526,305,1868.953,Agaie,Niger,8.93056279054,6.40817549379,199.223
0.17131092937978398,306,370.27,Yola South,Adamawa,9.15736943942,12.5918387943,90.685
0.1076552546020578,307,967.762,Gwagwalada,Abuja,9.05390036291,6.98533217615,129.429
0.021536958372803946,308,1002.453,Abaji,Abuja,8.80642396465,6.82268655124,257.578
0.03369005420231887,309,1183.679,Wamba,Nassarawa,8.97676793073,8.67611251503,142.807
-0.006342652063211041,310,2175.744,Mayo-Belwa,Adamawa,8.86792804318,12.0599626545,279.185
0.011063629583714738,311,1056.594,Irepo,Oyo,8.99979238073,3.9347711012,157.105
0.02338860834063193,312,1794.341,Kokona,Nassarawa,8.83213249791,8.04998982994,196.998
0.13693546442179014,313,848.06,Akwanga,Nassarawa,8.99385810135,8.3270137617,117.66
3.062904555753333,314,1585.32,Abuja Municipal,Abuja,8.95523707401,7.34928251261,206.501
-0.0011504986514259362,315,747.416,Mikang,Plateau,9.01357925833,9.57058915462,153.224
0.03392745593264889,316,3183.797,Moro,Kwara,8.82846008235,4.57680650778,250.215
0.005508152140900028,317,1337.907,Yorro,Taraba,8.88694285455,11.636809061,212.561
0.02631077432614293,318,2417.985,Ardo-Kola,Taraba,8.81115680628,11.2374548439,212.958
0.5144551803632376,319,51.239,Bida,Niger,9.0826874864,5.9847275844,28.012
-0.014401933952616732,320,2501.515,Shendam,Plateau,8.69829811101,9.49977663033,285.285
-0.012141378490249101,321,2381.537,Qua'an Pan,Plateau,8.73829641571,9.13342237684,224.661
0.010589746001093091,322,891.351,Zing,Taraba,8.90170874599,11.827416703,124.944
0.02226575998477757,323,3476.224,Ifelodun,Kwara,8.53052811871,5.06679849284,405.589
0.022016583422998868,324,2784.072,Lafia,Nassarawa,8.64006686154,8.6995911179,365.24
0.546641386039212,325,191.234,Jalingo,Taraba,8.91373002367,11.4013788133,81.649
0.017465764861005723,326,1037.665,Olorunsogo,Oyo,8.75182095239,4.09086561946,155.408
0.023050545728254483,327,920.401,Orelope,Oyo,8.8038329978,3.81143779603,147.801
0.021500784107501756,328,1658.42,Saki East,Oyo,8.6832015532,3.60379115175,179.961
0.029357349220305543,329,1299.111,Kwali,Abuja,8.7196264373,6.95180396584,151.853
0.00718422302412438,330,2951.182,Pategi,Kwara,8.61592292305,5.81197937586,238.21
0.012801994560561993,331,1708.466,Kuje,Abuja,8.63892725157,7.23083505545,217.281
0.36287836640794113,332,158.196,Keffi,Nassarawa,8.82953504436,7.82371569679,49.072
0.028884436541971294,333,1186.461,Nassarawa Egon,Nassarawa,8.74071594156,8.42090887196,157.254
-6.574941461044215E-4,334,1776.035,Jada,Adamawa,8.66816091886,12.4144806205,226.688
0.017459953643725188,335,2172.974,Saki West,Oyo,8.56979828433,3.14718596466,228.31
-0.02213903080347893,336,5979.249,Gassol,Taraba,8.44351910053,10.5791118858,359.334
0.010457773580048135,337,5806.401,Nassarawa,Nassarawa,8.32899515312,7.7765409049,349.767
-0.015933451328373812,338,1361.094,Langtang South,Plateau,8.58389097686,9.8105224481,148.518
-0.031742745467642455,339,2848.122,Ibi,Taraba,8.30029038444,9.77478737109,351.999
0.06570702949990659,340,3406.807,Lokoja,Kogi,8.1729685188,6.46033946497,395.127
0.2597488344372862,341,434.493,Ilorin East,Kwara,8.58261681864,4.78435684754,149.429
0.08918734820549198,342,1570.266,Asa,Kwara,8.41744023737,4.44609311964,197.482
-0.0063609874941183975,343,1834.296,Ganye,Adamawa,8.41484517628,11.9864477978,224.221
-0.007195469805715188,344,8546.623,Bali,Taraba,8.1475959035,11.0483626755,465.213
0.02413293432125448,345,1910.959,Ori-Ire,Oyo,8.33422982084,4.14423267761,211.283
-0.007212117670765309,346,2737.782,Toto,Nassarawa,8.23849556763,7.2023206877,257.718
0.019207565218142358,347,1672.059,Atiba,Oyo,8.23931791935,3.91436277463,221.32
0.015737031968654065,348,2767.258,Atisbo,Oyo,8.35154345849,3.23874736019,335.551
1.7352008811176354,349,98.404,Ilorin West,Kwara,8.47156964993,4.55496191908,52.512
-0.007335718009956617,350,2605.347,Doma,Nassarawa,8.16333781093,8.28121908263,265.182
0.019954823600157795,351,1181.312,Yagba West,Kogi,8.29640781153,5.52747956769,159.37
0.43431246324005374,352,166.344,Ilorin South,Kwara,8.43525314512,4.69238828649,66.358
-0.020159026864910133,353,2627.772,Awe,Nassarawa,8.24984684069,9.2185392684,261.033
-0.013209720903513893,354,992.172,Obi,Nassarawa,8.34737588349,8.72768816743,154.195
-6.981501679157537E-4,355,1519.535,Yagba East,Kogi,8.16410903069,5.76131493246,237.886
0.055643509534982365,356,2701.448,Kabba /Bunu,Kogi,8.06277798552,6.20336406081,282.78
0.015548452089462974,357,1533.698,Koton-Karfe,Kogi,8.12340764784,6.85903778844,192.229
-0.006275245421523956,358,4627.869,Teungo,Adamawa,8.001850471,11.8505662625,340.831
0.024488668817011994,359,1371.911,Itesiwaju,Oyo,8.18870939287,3.51179344225,204.175
0.13878955398834986,360,744.714,Irepodun,Kwara,8.15610554134,4.93574346826,158.096
0.09307936587294256,361,633.065,Isin,Kwara,8.25349647738,5.05407831796,111.345
0.07120344924334449,362,477.98,Oyun,Kwara,8.14557497304,4.65841972495,154.368
0.008767778630941492,363,878.826,Mopa-Muro,Kogi,8.10331606537,5.87846526499,133.681
0.06815665573444742,364,418.991,Oke-Ero,Kwara,8.15830424703,5.2645521321,124.94
0.027991610427814114,365,799.216,Surulere,Oyo,8.07179199023,4.41490322524,128.203
-0.01890276254549917,366,1055.373,Keana,Nassarawa,8.16746377348,8.76829190644,152.422
-0.013020978352820694,367,3801.356,Wukari,Taraba,7.97629949617,9.81486938572,349.01
0.26208984677502206,368,197.11,Ogbomosho North,Oyo,8.15447908743,4.27044703906,58.824
0.014564947766043595,369,2333.834,Iwajowa,Oyo,8.0044563666,3.0218111433,257.165
0.34917051985056385,370,97.357,Offa,Kwara,8.13754071981,4.69977928673,42.606
0.02903456474533159,371,586.18,Kajola,Oyo,8.02639124509,3.35753362632,102.904
0.04140703344764485,372,547.14,Ekiti,Kwara,8.07593116852,5.34687119066,108.866
-0.0029701527315738048,373,2816.251,Guma,Benue,7.91005746675,8.73622915427,264.898
-0.013196607891090006,374,3434.272,Donga,Taraba,7.68181598866,10.281112438,377.591
0.07554021647626828,375,526.294,Oyo West,Oyo,7.94157022677,3.82179704766,105.775
0.0640599284216781,376,71.937,Ogbomosho South,Oyo,8.07988058266,4.23332918339,40.332
0.011861266543902786,377,915.216,Ijumu,Kogi,7.84877836303,5.95613586643,156.888
0.031379887915555585,378,333.442,Ila,Osun,7.97736793198,4.90058814807,94.173
0.03793133619577385,379,473.845,Ogo Oluwa,Oyo,7.94299586576,4.22161707126,121.498
0.013897580078733311,380,1005.353,Ikole,Ekiti,7.86240805902,5.51228921836,157.519
0.004144086217562799,381,8267.946,Gashaka,Taraba,7.55660816885,11.4303717999,412.38
0.07726919240281971,382,278.912,Odo-Otin,Osun,7.99185322953,4.68234299596,83.094
0.05267609148150853,383,1351.944,Iseyin,Oyo,7.86472838775,3.53333308159,187.88
0.0032514763631177816,384,1753.854,Omala,Kogi,7.79961866176,7.54098247051,176.079
0.06342899991102677,385,115.146,Ifedayo,Osun,7.96253821023,5.00167671391,52.451
0.020638672467759623,386,1924.212,Bassa,Kogi,7.77095312633,7.02439453242,241.143
0.08767409703942924,387,140.162,Moba,Ekiti,7.97116711919,5.11430439331,56.248
0.024298962602854458,388,468.89,Oye,Ekiti,7.85846924821,5.33933691022,96.735
-0.002805333776100074,389,1250.779,Agatu,Benue,7.85486972887,7.90610120676,163.301
0.06686336738140262,390,149.761,Boluwaduro,Osun,7.91891178373,4.8130338304,59.331
0.03289978761319139,391,100.102,Ilejemeje,Ekiti,7.9304265198,5.21700354502,43.234
0.13372498796339521,392,131.568,Oyo East,Oyo,7.87877715566,4.02131681925,59.329
0.5092535123708387,393,131.806,Ifelodun,Osun,7.90428193462,4.64751187006,56.555
1.5544380552191244,394,92.957,Olorunda,Osun,7.84198010962,4.57830414272,54.689
0.08822456822548036,395,393.311,Ejigbo,Osun,7.82431435294,4.26760973289,133.163
0.4088046265918482,396,87.127,Orolu,Osun,7.88240254706,4.48137619422,42.778
0.2178515145005498,397,138.454,Boripe,Osun,7.839419999,4.68398274342,68.804
0.7135342570211631,398,65.727,Irepodun,Osun,7.85674568929,4.51942572173,44.29
0.07813744299411184,399,262.414,Ido-Osi,Ekiti,7.84084308469,5.16833035805,69.305
0.045772358317012346,400,347.719,Ijero,Ekiti,7.81672795565,5.03956930832,77.034
-3.516426372231088E-4,401,1383.538,Logo,Benue,7.70854119235,9.22626636034,185.067
0.6909085784875143,402,301.4,Egbedore,Osun,7.76358155685,4.43203178814,100.333
-0.012899769017248479,403,1515.396,Ukum,Benue,7.65214171491,9.58352056921,159.013
0.14310176812026365,404,522.044,Obokun,Osun,7.76204457084,4.77178153485,102.804
0.04616252988128737,405,726.712,Afijio,Oyo,7.74665407138,3.89755715896,139.576
0.04022885812577068,406,277.023,Ekiti West,Ekiti,7.65753939302,5.01101581947,97.777
0.3758564440877485,407,837.854,Markurdi,Benue,7.70419915207,8.53587466839,108.515
0.07446402134778499,408,730.224,Okehi,Kogi,7.68191812677,6.28542530769,159.301
0.005563953090522366,409,1245.699,Gwer West,Benue,7.63211156108,8.21656487385,144.894
0.09971563632830119,410,717.632,Adavi,Kogi,7.64141288897,6.43370107261,163.042
0.021440356038589688,411,2495.273,Dekina,Kogi,7.54816286131,7.17657026687,232.029
0.027952748864286114,412,220.248,Ekiti East,Ekiti,7.73642214929,5.68281950625,71.896
0.0010005472735459717,413,1247.332,Ibarapa North,Oyo,7.64615370338,3.15918134078,139.251
0.10214575258446494,414,352.828,Ola-Oluwa,Osun,7.72995321294,4.2084755668,85.73
1.1706546828710487,415,55.686,Osogbo,Osun,7.74533715177,4.5845935838,35.722
0.023565314959674278,416,822.403,Ibarapa East,Oyo,7.60795327378,3.4920726289,141.334
0.07312028232830425,417,178.489,Efon,Ekiti,7.66116422748,4.95512170374,60.518
0.1053528956930983,418,380.122,Irepodun/Ifelodun,Ekiti,7.69701779954,5.2242390145,94.679
0.03172168216475306,419,551.235,Akoko North-West,Ondo,7.64937742104,5.77881702647,102.289
-0.006729206950966838,420,893.602,Apa,Benue,7.61159785018,7.88807928536,118.497
0.1247309250379996,421,1375.68,Ajaokuta,Kogi,7.49401568243,6.58981814324,168.086
0.6736010897662146,422,85.727,Ede North,Osun,7.70928990133,4.5070684926,42.449
0.19732961852925204,423,301.097,Iwo,Osun,7.63525712536,4.13098768197,76.569
0.3098353547321335,424,1071.133,Ido,Oyo,7.50677470136,3.71186023632,174.546
0.0841498516940468,425,598.314,Oriade,Osun,7.52268443511,4.8845282372,126.578
0.06619140930943922,426,578.505,Atakumosa West,Osun,7.49206047567,4.67520541853,154.998
0.018137574652743002,427,420.251,Gboyin,Ekiti,7.59872716823,5.49904365287,107.031
0.0817968428995449,428,384.891,Tarka,Benue,7.5839568198,8.85028745321,83.03
0.11167458264072064,429,230.891,Ede South,Osun,7.63313668764,4.46860016025,63.73
-0.003895771802351377,430,4969.12,Kurmi,Taraba,7.22905622897,10.6679120514,358.321
0.3672077775540718,431,480.453,Akinyele,Oyo,7.56121046774,3.9161663612,107.414
0.011702884463701553,432,1590.457,Bukuru,Benue,7.37323947377,9.1431504363,235.885
0.02786975258080358,433,430.565,Akoko North-East,Ondo,7.55330070828,5.83708918673,119.263
0.3414223254631523,434,323.285,Ado-Ekiti,Ekiti,7.59666366908,5.27862253481,82.789
0.021234190630878065,435,2480.175,Gwer East,Benue,7.35838654916,8.42072997896,240.002
0.9972315504605218,436,65.02,Ilesha West,Osun,7.62964986621,4.71507485072,41.095
0.04395967343489595,437,281.556,Aiyedire,Osun,7.54385802133,4.24014431414,83.498
0.4629342267374951,438,83.198,Ilesha East,Osun,7.58614812642,4.76644513934,39.123
0.002143708745307513,439,1269.452,Ankpa,Kogi,7.43371167721,7.65115052262,166.68
-0.014141797319441447,440,1554.192,Takum,Taraba,7.42888003799,10.0674013698,172.466
0.04714198969410332,441,307.087,Ekiti South-West,Ekiti,7.50914244166,5.07642433086,83.109
0.045567029218074956,442,1050.332,Aiyedaade,Osun,7.29548073578,4.3099334808,243.493
0.12061430056511643,443,1338.187,Oturkpo,Benue,7.26696224766,8.06764067366,220.928
0.3224445084963612,444,267.979,Lagelu,Oyo,7.49484590519,4.04689682502,74.062
-0.008645593485810706,445,2700.759,Katsina- Ala,Benue,7.32169977641,9.57064500015,251.782
0.1215177933190964,446,978.382,Ife North,Osun,7.28577496726,4.46995644509,198.053
0.11002024506994208,447,1928.288,Gboko,Benue,7.3212150076,8.86400778887,214.203
0.07838733280748099,448,1300.022,Akoko-Edo,Edo,7.34246497095,6.11068850376,207.76
0.060148658128256975,449,576.43,Atakumosa East,Osun,7.30256414643,4.80372302109,130.448
0.1814119623229501,450,204.225,Ikere,Ekiti,7.48364547095,5.2191502534,61.707
0.0500212759736612,451,290.361,Okene,Kogi,7.44982511085,6.32208822516,126.337
0.028031878844030304,452,287.28,Emure,Ekiti,7.42641086536,5.50601195315,72.517
0.04450599959238991,453,232.592,Akoko South-East,Ondo,7.43593821119,5.88698558727,78.973
0.21120202153606552,454,70.335,Ife Central,Osun,7.45624429886,4.6054700207,38.63
0.015306556975261287,455,456.471,Ibarapa Central,Oyo,7.42632688653,3.23720615193,88.205
0.08677717453852679,456,74.93,Ogori/ Magongo,Kogi,7.46150386955,6.15337010661,40.438
0.045389351618984254,457,507.272,Akoko South-West,Ondo,7.40315683585,5.67388531611,94.773
0.049403790131315434,458,1398.575,Odeda,Ogun,7.29586110831,3.51385146204,183.993
0.07129030098496567,459,309.774,Irewole,Osun,7.38423653368,4.2185564323,77.992
0.025346601201907314,460,1658.558,Ofu,Kogi,7.30283348164,7.03816630907,266.705
0.5644789880310257,461,189.234,Egbeda,Oyo,7.39084547021,4.05900613637,67.203
0.018085658712427545,462,102.209,Ife East,Osun,7.36283985511,4.6116436371,64.881
3.7726605446007544,463,26.46,Ibadan North,Oyo,7.41189732931,3.91047416601,21.508
0.06944456240886215,464,1968.764,Egbado /Yewa North,Ogun,7.15368283522,2.90420769417,199.323
3.4419371338673534,465,28.696,Ibadan North-West,Oyo,7.40076517091,3.87750559226,26.755
0.06676269510852921,466,246.27,Ifedore,Ondo,7.36536093962,5.09016820939,73.011
0.18233183200131764,467,680.62,Akure North,Ondo,7.27378509449,5.30304235365,124.425
0.09253304555780194,468,801.427,Abeokuta North,Ogun,7.23461283448,3.17023009047,126.393
1.6578178248838566,469,17.724,Ibadan North-East,Oyo,7.37432652027,3.93128872486,22.323
0.02495758524341759,470,1543.645,Ose,Ondo,7.05988232099,5.72282453789,236.035
0.010245441984626432,471,321.704,Ile-Oluji/Okeigbo,Ondo,7.28166512204,4.95787466269,73.122
0.006846578384827542,472,702.191,Ife South,Osun,7.19972240095,4.59602043186,150.775
0.00558799549403954,473,4933.586,Sardauna,Taraba,6.89497778582,11.2503822936,369.83
4.958433185882115,474,40.226,Ibadan South-West,Oyo,7.35440993916,3.86399667463,26.686
0.07884988750878662,475,1232.928,Etsako East,Edo,7.18571124779,6.48981957761,180.692
0.14722198104501635,476,310.448,Ona Ara,Oyo,7.25076890237,4.04012764205,84.841
0.002423673123727952,477,1542.866,Konshisha,Benue,7.02992995695,8.66036861485,196.88
1.991615472499134,478,23.51,Ibadan South-East,Oyo,7.33516982416,3.90449692222,18.971
0.31745408460746755,479,329.779,Akure South,Ondo,7.21200602819,5.19020757911,92.185
0.021308335731634313,480,632.463,Ohimini,Benue,7.20744018801,7.94989076081,106.807
0.23392366359908112,481,765.234,Oluyole,Oyo,7.18387433342,3.87735343727,117.299
0.026322681552997166,482,196.454,Isokan,Osun,7.27077215208,4.18760633986,57.96
0.07927113392107979,483,989.44,Owo,Ondo,7.15274547732,5.54731835272,156.926
0.0075841225517176555,484,1210.098,Olamaboro,Kogi,7.18362034131,7.55801558773,164.898
0.005963810623104756,485,2458.809,Ussa,Taraba,7.00454258062,9.92240266836,269.256
-0.005170919565757768,486,3077.589,Kwande,Benue,6.82201563241,9.5009289444,299.203
0.004876115096857335,487,1997.448,Igalamela-Odolu,Kogi,7.0573143866,7.01873714548,227.234
0.022496527681589613,488,1898.913,Idanre,Ondo,6.97859647583,5.19962884353,215.29
0.05609567183905112,489,1237.467,Owan East,Edo,7.02752013029,6.03244492959,162.804
1.197962579356966,490,70.09,Abeokuta South,Ogun,7.16975916129,3.354022564,35.34
0.0036571881950148524,491,1268.178,Ushongo,Benue,7.04410744271,9.08871292148,196.014
0.023544573139777834,492,339.507,Ondo East,Ondo,7.07721092867,4.9509488457,98.927
0.13857873650207794,493,970.942,Etsako West,Edo,6.97567923201,6.29169392062,156.708
-0.002416685405830406,494,726.903,Okpokwu,Benue,7.01093827767,7.85101998453,143.128
0.3587543397706594,495,1414.9,Obafemi-Owode,Ogun,7.00368307221,3.47390487024,188.022
0.045986764936773054,496,847.8,Ondo West,Ondo,7.00004014927,4.72555493764,125.156
0.014358003767109257,497,682.427,Etsako Central,Edo,6.95646532441,6.50382330164,143.335
0.06559050730633223,498,847.191,Ijebu North,Ogun,7.00385646336,3.97808817924,133.278
0.010736552268611338,499,516.292,Ogbadigbo,Benue,6.97280294491,7.6571288802,116.152
0.0353271262986454,500,329.982,Igbo-eze North,Enugu,7.00978383492,7.43846915188,69.29
0.4320092465683603,501,615.158,Ewekoro,Ogun,6.9582202672,3.18878934768,123.449
0.003247120604429291,502,47.846,Idah,Kogi,7.06072276992,6.71315388515,30.648
0.06434158412691482,503,2205.946,Ijebu East,Ogun,6.82404764462,4.25721492844,237.895
0.024439765969531478,504,419.133,Obi,Benue,6.97576999415,8.2770109686,92.957
0.18155367721141175,505,164.237,Remo-North,Ogun,6.99582371162,3.71596454616,57.241
0.0612468447362848,506,705.306,Owan West,Edo,6.90225010939,5.8720788698,128.408
0.06559927014328665,507,184.238,Igbo-eze South,Enugu,6.95585831676,7.35220105357,75.474
-5.843831709577614E-4,508,1382.18,Ibaji,Kogi,6.79930864338,6.76302737305,165.275
0.1495406747628313,509,499.389,Nsukka,Enugu,6.83919987457,7.35334026488,126.22
0.6496640221874035,510,141.906,Ikenne,Ogun,6.91016354104,3.67380089732,54.127
0.03699595110539007,511,1099.64,Oju,Benue,6.83037030414,8.35910602652,173.859
-0.0016448999315870803,512,766.631,Vandeikya,Benue,6.83087131823,9.05597594176,122.298
-0.006755061660019475,513,1046.856,Ado,Benue,6.77366185969,7.97649357576,151.053
0.10849615518550598,514,659.87,Egbado /Yewa South,Ogun,6.80821277706,2.93551990268,117.681
0.05194913052257313,515,1886.304,Odigbo,Ondo,6.75496256539,4.72182566328,226.334
1.4332879571001307,516,616.709,Shagamu,Ogun,6.78847691071,3.56474664579,114.994
0.11568492934786502,517,251.162,Udenu,Enugu,6.86196052205,7.5494597485,67.231
0.13559416349390152,518,127.432,Ijebu North-East,Ogun,6.88901106203,4.01184432117,51.606
0.22948898813546006,519,544.263,Odogbolu,Ogun,6.7859780001,3.80533247139,103.056
0.025978268663941467,520,902.676,Uzo-Uwani,Enugu,6.73488805582,7.12071626684,184.382
0.148509335552654,521,346.119,Esan North-East,Edo,6.75714590375,6.37338365053,108.48
0.009492894985718925,522,1766.567,Yala,Cross River,6.65495603627,8.58407302793,248.897
0.5150422840061138,523,177.963,Ijebu-Ode,Ogun,6.76605258466,3.95633970315,91.879
1.3183234985487504,524,487.083,Ifo,Ogun,6.78352329428,3.23797296156,127.078
0.018951467933392353,525,893.94,Isi-Uzo,Enugu,6.73065871188,7.692936799,135.109
0.07641636827031961,526,2840.632,Ovia South-West,Edo,6.47680810219,5.23696214949,272.916
0.6354101043387925,527,2369.425,Ovia North-East,Edo,6.48010718653,5.50632344187,345.447
0.10400488755021113,528,474.581,Ipokia,Ogun,6.62376996331,2.80024714705,129.311
0.13705938792473205,529,505.89,Esan West,Edo,6.65450460925,6.11145259261,132.532
0.1609661626286917,530,255.573,Esan Central,Edo,6.71331724035,6.22816988942,104.891
0.0049876906531654665,531,314.478,Bekwarra,Cross River,6.68081414699,8.90244236132,75.267
0.011330273413317994,532,1095.328,Izzi,Ebonyi,6.50499948115,8.26433423145,157.832
0.15208380796167112,533,2027.641,Uhunmwonde,Edo,6.49222191552,5.88451998012,186.343
0.021805364582838764,534,1275.819,Esan South-East,Edo,6.58270942532,6.45945926963,163.791
0.03514818266391068,535,743.236,Anambra West,Anambra,6.49093379088,6.79963687497,155.613
1.1603496552713468,536,904.124,Ado Odo/Ota,Ogun,6.63745068111,3.06818012015,134.892
0.06440826596397699,537,348.216,Igbo-Etiti,Enugu,6.67496908032,7.4065070663,77.96
0.22420313787847768,538,457.044,Ebonyi,Ebonyi,6.49345444288,8.11204956061,119.447
0.01940904299803284,539,774.702,Okitipupa,Ondo,6.55259177701,4.71493259689,117.234
0.0101769681980974,540,815.163,Irele,Ondo,6.5241713073,4.98427205358,139.109
0.02973171080206363,541,570.041,Ayamelum,Anambra,6.56854497771,6.97476176987,123.942
8.809837561803038,542,33.615,Ifako/Ijaye,Lagos,6.67726001835,3.30399152051,28.115
5.743507962340432,543,148.062,Alimosho,Lagos,6.59816418384,3.24576019769,55.194
0.07982309723015674,544,537.844,Ohaukwu,Ebonyi,6.51536783098,8.00856305165,110.995
0.010631399055539701,545,978.429,Ogoja,Cross River,6.49514844471,8.70622202505,196.574
3.5766439506734375,546,369.494,Ikorodu,Lagos,6.62621064109,3.55852035476,88.09
0.008417893942334699,547,969.419,Obanliku,Cross River,6.50917185091,9.28970368315,153.555
0.04108698547747146,548,380.983,Obudu,Cross River,6.5592696977,9.03874269665,103.173
10.064716565760305,549,16.575,Agege,Lagos,6.64074603822,3.30540992746,18.782
0.1789337782205172,550,925.411,Udi,Enugu,6.47558304881,7.30975079458,170.566
17.129139327727465,551,45.744,Ikeja,Lagos,6.61909237193,3.3355715414,32.736
0.10241365941650081,552,398.103,Igueben,Edo,6.5012240301,6.2192844649,111.964
0.0444565192903529,553,1452.769,Ilaje,Ondo,6.22636498755,4.77286000008,279.386
8.819129050299821,554,74.118,Kosofe,Lagos,6.6070165016,3.40100693361,38.369
0.5738365503240008,555,331.351,Enugu East,Enugu,6.54896261642,7.53907421776,74.022
0.014195713169837467,556,915.997,Ishielu,Ebonyi,6.41187663936,7.8117890807,136.136
0.015324174760876873,557,957.702,Ogun Waterside,Ogun,6.4864247408,4.40256364305,175.154
2.7851355505837296,558,238.99,Lagos Island,Lagos,6.51863579061,3.48232324025,94.966
0.09016353458915606,559,829.008,Nkanu East,Enugu,6.29924205438,7.65207772438,173.685
9.339666849145404,560,38.595,Oshodi/Isolo,Lagos,6.55873216072,3.30411640849,28.349
11.98190406076737,561,18.304,Shomolu,Lagos,6.55351688336,3.37871113736,17.122
13.10961275130564,562,17.387,Mushin,Lagos,6.55141519065,3.34200395187,18.422
-0.012700186685545905,563,2920.989,Boki,Cross River,6.26251302873,8.99090520566,238.495
0.6159933399579186,564,488.075,Ibeju Lekki,Lagos,6.46720769954,3.86435081837,157.064
2.0447199305458303,565,196.583,Ojo,Lagos,6.45948408578,3.14399479468,68.195
0.07556768217764424,566,618.06,Ezeagu,Enugu,6.39811562891,7.20284613687,114.805
11.659153000342627,567,22.781,Lagos Mainland,Lagos,6.50424578443,3.37424182768,22.449
10.046059719608778,568,30.717,Surulere,Lagos,6.50709720186,3.33534346265,23.004
3.306997327245779,569,190.955,Amuwo Odofin,Lagos,6.45073764915,3.26478491541,67.32
0.8942349061451565,570,516.531,Badagry,Lagos,6.44657143439,2.91062998366,115.339
0.16747823789910746,571,499.511,Oshimili North,Delta,6.32273475508,6.64445309273,119.275
0.03780103480403629,572,467.838,Aniocha North,Delta,6.36237359896,6.4793134728,108.565
3.4625410786509723,573,158.204,Enugu North,Enugu,6.44730919711,7.53733840714,65.198
10.497265746840666,574,11.645,Ajeromi/ Ifelodun,Lagos,6.46617505616,3.3243127622,13.097
0.3705689175484507,575,380.294,Anambra East,Anambra,6.29819566748,6.85731043524,97.287
0.032502758963049834,576,720.855,Ese-Odo,Ondo,6.2127547135,4.97119255475,138.733
0.13931121067482874,577,389.636,Awka North,Anambra,6.32900978676,7.04082127047,81.161
1.895001462123139,578,70.528,Enugu South,Enugu,6.39608160962,7.50634127778,40.353
0.46202544863558415,579,275.984,Nkanu West,Enugu,6.31098137375,7.5090185097,74.576
1.0588458852309641,580,107.951,Egor,Edo,6.3490955374,5.55567585108,47.072
1.1449243162897265,581,840.84,Ikpoba-Okha,Edo,6.16444680758,5.62284012472,162.369
1.5857795943117825,582,2314.122,Orhionmwon,Edo,6.05164494857,5.97567049261,264.797
0.07664511575350932,583,505.941,Ika North East,Delta,6.22864512435,6.2896310948,118.078
-2.7008416778312585E-4,584,2009.384,Ikom,Cross River,6.0633183286,8.5892297013,216.359
0.00970248535958637,585,306.682,Ezza North,Ebonyi,6.24832537507,7.96548919783,74.207
0.8170905527699284,586,262.469,Oredo,Edo,6.21363897283,5.52365873864,82.168
0.17597901262764565,587,543.252,Ika South,Delta,6.17550637473,6.18034923793,158.834
0.09165581321878047,588,538.788,Abakaliki,Ebonyi,6.24525848518,8.20092971484,115.209
0.14178820590699723,589,451.503,Awgu,Enugu,6.14519548035,7.43700236907,96.867
0.9435198449396426,590,131.681,Oyi,Anambra,6.19353718273,6.87294348039,57.057
0.44490344970962786,591,58.595,Dunukofia,Anambra,6.22277944696,6.93686776102,48.573
0.07821468507543682,592,868.426,Aniocha South,Delta,6.12828810991,6.48334155436,139.207
0.1318743605144022,593,372.979,Oji-River,Enugu,6.15215055812,7.26947476531,102.628
0.006680311141078563,594,1161.558,Obubra,Cross River,5.97503927665,8.34209959656,190.086
0.6905277043373587,595,307.892,Oshimili South,Delta,6.09213037025,6.68171913751,101.388
0.9712167584712977,596,171.447,Awka South,Anambra,6.17768144323,7.06152825763,55.585
0.56908189846545,597,94.111,Njikoka,Anambra,6.17370294204,6.96626220947,47.434
0.17041263056871914,598,364.756,Orumba North,Anambra,6.09455178678,7.14612685945,95.183
0.005026282580321346,599,448.79,Onicha,Ebonyi,6.10715742109,7.83338169265,116.657
0.003646645056388943,600,463.579,Ikwo,Ebonyi,6.07863875016,8.1725862118,114.72
0.014180304376212882,601,329.324,Ezza South,Ebonyi,6.11182264998,8.00202408131,101.354
0.29596223571919794,602,105.321,Anaocha,Anambra,6.07419999751,6.99568291338,53.252
1.3302780627751425,603,87.655,Idemili North,Anambra,6.10638859369,6.88322336414,45.71
0.03622742248783356,604,293.127,Aninri,Enugu,6.03942199196,7.58976785575,77.471
3.147911306688798,605,28.143,Onitsha North,Anambra,6.11000807925,6.78448952594,23.46
0.5849010252223891,606,1746.102,Warri North,Delta,5.87911210605,5.25276913531,252.816
0.589433045925676,607,17.16,Onitsha South,Anambra,6.07763852164,6.75470164817,16.732
0.6973444607725603,608,111.133,Idemili South,Anambra,6.05842962284,6.87822223913,59.047
0.03059015022739803,609,301.588,Ohaozara,Ebonyi,5.98841316234,7.77894718772,77.779
0.5195648728215113,610,398.903,Ogbaru,Anambra,5.8548258123,6.72251755284,102.653
0.5127358100653268,611,107.371,Ekwusigo,Anambra,5.98985188652,6.82493700098,50.143
0.9085284562883681,612,64.805,Nnewi North,Anambra,5.9888216573,6.88455820639,38.631
0.7031039217558603,613,545.782,Ethiope West,Delta,5.91996402239,5.72938714754,121.195
0.037180685053457646,614,231.92,Orumba South,Anambra,5.98017402323,7.21978498719,70.712
-0.021257644268564063,615,906.435,Etung,Cross River,5.83864570681,8.77523359118,148.887
0.23958058930945403,616,162.798,Aguata,Anambra,5.97471794744,7.04660635054,54.538
0.028508886347002854,617,451.958,Umu-Nneochi,Abia,5.93997775541,7.41034334987,84.996
6.084256737395836,618,862.988,Ndokwa West,Delta,5.80295008513,6.33587514297,183.581
7.2397491612245926,619,1715.942,Ndokwa  East,Delta,5.67028907859,6.50770910702,268.931
0.34779910650349294,620,168.774,Nnewi South,Anambra,5.9277935559,6.92003923973,71.588
0.033132888818203636,621,286.553,Abi,Cross River,5.89307637282,8.00827259059,95.948
0.02005193848603718,622,289.41,Ivo,Ebonyi,5.89467334363,7.61100636448,69.047
0.021603566386804333,623,671.75,Yakurr,Cross River,5.79079088814,8.15238029121,113.351
8.689126523834872,624,416.726,Ukwuani,Delta,5.84480832842,6.23741441755,90.142
0.04087073353268766,625,199.676,Afikpo North,Ebonyi,5.87650594129,7.90796581027,65.896
0.010400134422271943,626,331.552,Afikpo South,Ebonyi,5.83168238724,7.80275175106,89.97
2.595929379849877,627,434.734,Sapele,Delta,5.82578171107,5.64262341443,103.379
0.04256371177463743,628,267.045,Okigwe,Imo,5.81087755648,7.32558641995,80.064
0.05440029277625359,629,186.445,Ideato North,Imo,5.86692976754,7.15943156954,73.368
0.12571884818734935,630,136.963,Orsu,Imo,5.86148493928,6.99759253118,49.344
0.16384253696424303,631,222.332,Ihiala,Anambra,5.82707415666,6.85538487475,67.256
0.19553038241894072,632,129.874,Orlu,Imo,5.79740827293,7.0584532835,53.244
0.053775773939465185,633,336.384,Isuikwuato,Abia,5.76212020806,7.46305876474,83.375
0.031614560233226084,634,85.381,Ideato South,Imo,5.79074718084,7.15546777278,39.54
0.028767037046539237,635,85.708,Unuimo,Imo,5.77362673932,7.24110135448,40.663
0.07645212436330841,636,603.923,Bende,Abia,5.65523919252,7.58817014275,141.298
0.21418999606048914,637,92.013,Oru West,Imo,5.74223601944,6.91092584038,50.475
2.050127090253869,638,1677.985,Warri South-West,Delta,5.57143017832,5.40990033631,232.485
0.06066772596317219,639,568.415,Ohafia,Abia,5.65608115632,7.77802083959,114.317
1.596521839428491,640,579.727,Warri South,Delta,5.61379394407,5.60703600402,136.014
0.44362334559128364,641,438.128,Okpe,Delta,5.68135895059,5.78111042894,113.865
0.20868113789907322,642,143.325,Oru East,Imo,5.70557553465,6.96015321405,65.903
0.022844805252585615,643,1259.1,Biase,Cross River,5.53061640572,8.04200042857,160.852
0.029720775916050806,644,5364.582,Akamkpa,Cross River,5.39212502661,8.51295594377,313.13
5.645851799193637,645,480.132,Oguta,Imo,5.65802648747,6.81234900409,100.352
1.2635896892485305,646,822.466,Ughelli North,Delta,5.51121691547,6.04820615459,223.999
0.11291653581234777,647,39.228,Nkwerre,Imo,5.73504191654,7.12075601453,28.651
0.2042431909346138,648,80.798,Njaba,Imo,5.70095303325,7.02693947177,47.548
0.0763617053307336,649,150.433,Ehime-Mbano,Imo,5.66490811548,7.30304189166,54.315
0.1276732012267651,650,54.933,Nwangele,Imo,5.69901241211,7.13679959012,34.553
0.09661140518799048,651,183.36,Isiala Mbano,Imo,5.66766528808,7.20337875752,64.341
13.221231076566722,652,700.062,Ogba/ Egbema/ Ndoni,Rivers,5.39465218282,6.63999891338,184.44
0.1551355795289647,653,35.316,Isu,Imo,5.67805113542,7.0704527133,25.166
0.139053909401918,654,71.269,Ihitte/Uboma,Imo,5.62182410211,7.36525404222,44.026
0.6548955404271731,655,231.14,Umuahia  North,Abia,5.55799604176,7.46869165197,74.446
0.08951046834081178,656,386.125,Arochukwu,Abia,5.49893091164,7.79586329225,133.618
0.49473734479340803,657,191.677,Mbatoli,Imo,5.58952433518,7.03937862759,64.363
4.695164342260386,658,99.771,Uvwie,Delta,5.5715735987,5.77601626531,52.264
1.2528197935158536,659,1151.802,Ohaji /Egbema,Imo,5.40237393443,6.82451440887,166.39
0.22380449007913372,660,179.608,Ikeduru,Imo,5.5502461889,7.1642297339,55.451
0.18051088437098248,661,101.874,Ahiazu-Mbaise,Imo,5.54639369898,7.27134694732,43.628
0.28574863373092424,662,75.792,Obowo,Imo,5.54926541959,7.3600982011,35.881
2.551891864602965,663,782.897,Ughelli South,Delta,5.34062553262,5.8932308756,245.817
0.5051952524110678,664,304.436,Owerri West,Imo,5.43226155836,6.98041031608,90.073
5.323072438527104,665,135.533,Udu,Delta,5.47221517893,5.82203218159,53.028
0.36193151101709925,666,681.18,Isoko South,Delta,5.38209052447,6.21417335616,135.47
0.5846232015804343,667,198.882,Owerri North,Imo,5.44153798591,7.09805806015,73.423
0.11527422076508209,668,98.884,Ezinihitte Mbaise,Imo,5.46461931406,7.32661632089,41.875
0.05036995379873889,669,473.182,Ini,Akwa Ibom,5.39768164558,7.73427251246,101.17
0.1807762725481604,670,131.269,Umuahia South,Abia,5.46233803491,7.43997423734,53.22
3.2897803364074636,671,34.244,Owerri Municipal,Imo,5.4782964351,7.03481683109,23.8
0.055515600582710226,672,1120.03,Odukpani,Cross River,5.15663661745,8.12101905899,225.605
0.15424115057717772,673,167.423,Aboh-Mbaise,Imo,5.42549418417,7.2518035697,71.728
0.06690477246805188,674,237.941,Ikwuano,Abia,5.38402382182,7.56831668038,78.189
0.13905414019464796,675,1826.651,Burutu,Delta,5.23453847234,5.58971772061,300.455
0.09298908938446807,676,606.508,Ngor-Okpala,Imo,5.2892601684,7.15018226618,110.507
0.08984224880098086,677,253.472,Isiala Ngwa North,Abia,5.37015630848,7.40656604689,87.648
3.989982476898849,678,747.564,Yenegoa,Bayelsa,5.08093183104,6.38617275842,203.642
0.3180020393755393,679,894.395,Sagbama,Bayelsa,5.1129815408,6.18300550278,252.89
0.240101097628498,680,316.253,Ibiono Ibom,Akwa Ibom,5.19993052523,7.8811623514,98.815
0.1854842492071651,681,261.344,Isiala Ngwa South,Abia,5.26783153884,7.39057049852,88.729
0.2446408784499543,682,269.755,Ikono,Akwa Ibom,5.20750024775,7.7764266844,85.945
0.0859425143115957,683,232.632,Obot Akara,Akwa Ibom,5.2418823752,7.58977633092,69.045
0.7597930824164747,684,192.718,Osisioma Ngwa,Abia,5.17764889076,7.31938852277,67.527
0.7972315747257719,685,374.566,Oboma Ngwa,Abia,5.12712592436,7.45577994482,92.194
0.12678744139195658,686,211.025,Patani,Delta,5.18055500055,6.10011109999,95.384
0.6605563681565686,687,762.646,Emuoha,Rivers,4.98969718686,6.75165213861,161.086
0.5583078746015186,688,255.877,Itu,Akwa Ibom,5.14802331074,7.97869033697,79.634
0.3242397756783998,689,133.545,Ikot Ekpene,Akwa Ibom,5.1870590785,7.6838191561,51.313
0.7313878252689053,690,673.248,Ikwerre,Rivers,5.02676028515,6.88405461814,117.63
12.582868941609647,691,440.862,Ahoada West,Rivers,5.05175956235,6.50053606644,115.787
0.7607671733694985,692,444.124,Kolokuma/Opokuma,Bayelsa,5.08284065032,6.26615395083,104.426
1.4510750946536644,693,354.096,Ahoada East,Rivers,5.05853137137,6.61862087526,114.092
0.9593958488026694,694,568.879,Etche,Rivers,5.06270489314,7.04999357409,121.1
0.22457230964916292,695,302.128,Omumma,Rivers,5.09364261474,7.18454041634,72.275
1.0578925029780364,696,1866.706,Ekeremor,Bayelsa,4.94660044727,5.69009408114,217.528
0.14746980671818236,697,299.011,Essien Udim,Akwa Ibom,5.09909394445,7.63897957893,81.343
3.422659342906716,698,18.116,Aba North,Abia,5.10075433848,7.35961746027,31.927
1.9497282261564721,699,51.131,Aba South,Abia,5.07143818444,7.34173723583,29.855
0.3259485813513705,700,291.551,Uruan,Akwa Ibom,4.98304204748,8.04233212055,89.334
0.14332218949840325,701,177.485,Abak,Akwa Ibom,5.00609835635,7.76062154782,78.365
0.9593778973974405,702,293.335,Ukwa West,Abia,4.95400923587,7.23926645234,73.3
0.23530256662106816,703,788.467,Akpabuyo,Cross River,4.8947344977,8.46070959564,160.101
2.2143964980363924,704,188.375,Uyo,Akwa Ibom,5.00517378293,7.89835142263,97.473
1.9597566066454248,705,159.688,Calabar Municipal,Cross River,4.99568193587,8.31548543675,62.032
0.06729545702498119,706,130.881,Ika,Akwa Ibom,5.00123538943,7.52587315312,54.515
0.36991188052146956,707,106.283,Ugwunagbo,Abia,5.00628301495,7.33942788829,51.132
0.8527139308169592,708,2639.512,Southern Ijaw,Bayelsa,4.66905596087,5.9226940509,278.181
0.04594101578050303,709,193.536,Etim Ekpo,Akwa Ibom,4.96088686117,7.5903742593,74.743
0.14801597649677892,710,246.503,Ukwa East,Abia,4.92301266942,7.40790522941,82.923
0.04962263958454883,711,279.592,Ukanafun,Akwa Ibom,4.87984541323,7.59851229213,89.558
0.377408048038457,712,175.745,Ibesikpo Asutan,Akwa Ibom,4.91151532221,7.94085136542,58.348
0.17663914960098018,713,119.971,Nsit Ibom,Akwa Ibom,4.878504208,7.88229291214,58.007
0.26250031874181035,714,673.838,Abua /Odual,Rivers,4.8285503507,6.54915393929,140.8
1.336557526949221,715,753.329,Ogbia,Bayelsa,4.74924153961,6.32063752035,144.208
0.05949133582295003,716,470.35,Oruk Anam,Akwa Ibom,4.79512806391,7.65556109372,102.778
0.17772297545688984,717,171.492,Etinan,Akwa Ibom,4.80123042319,7.83480651103,74.423
5.919052041216927,718,280.085,Obio/Akpor,Rivers,4.8493493513,7.00176365845,83.299
0.13697182950346842,719,275.251,Okobo,Akwa Ibom,4.80395862194,8.11850766434,80.225
1.9560873693794907,720,342.323,Oyigbo,Rivers,4.8357807707,7.2888960168,107.718
0.16599367552182087,721,131.734,Nsit Atai,Akwa Ibom,4.81769634139,8.02593165106,49.037
0.20934940602652286,722,347.08,Mkpat Enin,Akwa Ibom,4.6879334222,7.75646755181,117.661
8.526271581817387,723,1023.248,Degema,Rivers,4.57343373625,6.9014576326,223.875
2.5361401662957754,724,125.84,Eleme,Rivers,4.76822787244,7.16532934652,46.559
0.30633610642451853,725,204.246,Nsit Ubium,Akwa Ibom,4.74273727271,7.94875484155,60.003
0.15123625135368762,726,520.661,Khana,Rivers,4.69507521894,7.42809841328,103.493
4.537368394669288,727,194.759,Port Harcourt,Rivers,4.74775007122,7.03430177918,64.004
0.5170751601389773,728,99.479,Asari-Toru,Rivers,4.74140706307,6.82930630164,55.917
0.4743226437158222,729,101.697,Tai,Rivers,4.73783549146,7.26069548535,45.2
0.14510035858010942,730,53.736,Udung Uko,Akwa Ibom,4.74510356473,8.24168581199,35.684
0.19496868913630677,731,127.666,Urue Offong /Oruko,Akwa Ibom,4.71033815447,8.15893963427,51.303
8.133495970062144,732,226.901,Okrika,Rivers,4.65742082739,7.10201349803,89.791
2.41366844508676,733,1913.948,Brass,Bayelsa,4.45793741154,6.38296978943,330.64
0.4366010290813441,734,231.496,Mbo,Akwa Ibom,4.64674348617,8.24081850534,72.887
2.347948552698637,735,533.696,Akuku-Toru,Rivers,4.54926952616,6.73968338039,125.944
1.3249134579869368,736,67.644,Ogu /Bolo,Rivers,4.64349721597,7.18344166937,48.186
0.4619078288962272,737,93.218,Gokana,Rivers,4.66002648349,7.28261871821,43.954
2.7219184159374272,738,189.114,Eket,Akwa Ibom,4.62824907752,7.94293007472,64.858
0.6084651273481325,739,151.591,Onna,Akwa Ibom,4.61596673402,7.84868686948,60.525
0.26247462642730324,740,338.5,Ikot Abasi,Akwa Ibom,4.60106750554,7.62744329098,83.543
2.0163895271242316,741,139.599,Esit Eket,Akwa Ibom,4.63339369012,8.0676479564,48.16
10.692273445313289,742,940.308,Nembe,Bayelsa,4.50931175046,6.34644363165,142.85
8.614411214482052,743,647.422,Bonny,Rivers,4.51066058637,7.1925070857,139.81
0.28115821724779,744,235.36,Andoni,Rivers,4.5160908474,7.38838417139,79.493
0.2717315002327067,745,167.605,Opobo /Nkoro,Rivers,4.52323955475,7.49369329854,62.395
28.572276751050897,746,213.383,Ibeno,Akwa Ibom,4.56215843531,8.10179069345,118.972
0.33836309849984986,747,109.034,Eastern Obolo,Akwa Ibom,4.51603370236,7.68473148451,75.93
0.016287317527176843,748,1583.159,Imeko-Afon,Ogun,7.66955424834,2.86605360436,222.706
0.17812401306856834,749,1205.291,Epe,Lagos,6.56191366542,3.95022510981,247.437
0.11643391401308417,750,116.018,Calabar South,Cross River,4.88004611149,8.26166160247,69.79
-2.892449645359738E-4,751,2283.258,Marte,Borno,12.3378779155,13.8599606917,238.341
0.00770912225938699,752,3244.578,Mobbar,Borno,13.0531357168,12.7012414618,298.171
-0.005727745999444175,753,2082.867,Isa,Sokoto,13.2125671058,6.33349375442,254.064
0.0029904188001752628,754,4919.312,Bagudo,Kebbi,11.3169454958,3.964112828,327.435
-2.27432788679131E-4,755,4005.965,Gudu,Sokoto,13.4148415216,4.52006986144,276.186
-3.9891170932315306E-4,756,2782.613,Zurmi,Zamfara,12.8318442872,6.78131448253,282.126
0.011133578712754555,757,10355.939,Borgu,Niger,10.378461173,4.16255771191,582.572
0.017086629663228374,758,1098.679,Maigatari,Jigawa,12.6914052187,9.53365844118,151.647
0.018073850605667914,759,2523.44,Edu,Kwara,8.8763995369,5.20539556594,267.67
0.04274182627776477,760,1488.303,Sule Tankarkar,Jigawa,12.6262233258,9.17008758089,180.385
0.03071499884481824,761,336.193,Ise /Orun,Ekiti,7.42627203236,5.39523966281,93.604
0.008836280241612128,762,783.513,Edati,Niger,9.02749557624,5.61823398068,149.074
0.04865340526276637,763,2235.093,Kagarko,Kaduna,9.4378057964,7.61683201421,249.469
10.263245993505917,764,201.279,Eti-Osa,Lagos,6.452816939,3.53394993392,85.069
18.568855964030746,765,43.227,Apapa,Lagos,6.43701920921,3.36292360815,34.006
0.07050634996536659,766,85.967,Bakassi,Cross River,4.76076676128,8.52251139716,57.43
0.09633345678574025,767,125.056,Bomadi,Delta,5.20462388921,5.85268572968,104.863
-0.006526368419540996,768,3442.304,Danko Wasagu,Kebbi,11.4171193013,5.65113823488,339.835
0.29150454586861557,769,388.51,Ethiope East,Delta,5.6879905975,5.98413704202,115.623
0.8447705376850375,770,485.467,Isoko North,Delta,5.52493079203,6.23413937029,169.369
0.01241712281756077,771,3951.431,Lavun,Niger,9.27347822686,5.68329951337,424.153
-0.004622853291544162,772,817.26,Bade,Yobe,12.7104600177,10.8959078871,216.207
0.008840138905386515,773,7795.261,Maru,Zamfara,11.4860784136,6.34200291865,536.5
0.2041741020770339,774,81.472,Oron,Akwa Ibom,4.77952621343,8.25120215555,57.846
