LGA,Average Nighttime mean,system:index,AREA,state,Latitude,Longitude,PERIMETER,Population
Aba North,3.422659343,698,18.116,Abia,5.100754338,7.35961746,31.927,245825.278
Aba South,1.949728226,699,51.131,Abia,5.071438184,7.341737236,29.855,380211.9108
Arochukwu,0.089510468,656,386.125,Abia,5.498930912,7.795863292,133.618,146354.5149
Bende,0.076452124,636,603.923,Abia,5.655239193,7.588170143,141.298,236492.5846
Ikwuano,0.066904772,674,237.941,Abia,5.384023822,7.56831668,78.189,153494.9633
Isiala-Ngwa North,0.089842249,677,253.472,Abia,5.370156308,7.406566047,87.648,231792.9538
Isiala-Ngwa South,0.185484249,681,261.344,Abia,5.267831539,7.390570499,88.729,267528.7557
Isuikwuato,0.053775774,633,336.384,Abia,5.762120208,7.463058765,83.375,185895.9741
Oboma Ngwa,0.797231575,685,374.566,Abia,5.127125924,7.455779945,92.194,463748.4541
Ohafia,0.060667726,639,568.415,Abia,5.656081156,7.77802084,114.317,199576.7376
Osisioma Ngwa,0.759793082,684,192.718,Abia,5.177648891,7.319388523,67.527,558677.8389
Ugwunagbo,0.369911881,707,106.283,Abia,5.006283015,7.339427888,51.132,86627.5702
Ukwa East,0.148015976,710,246.503,Abia,4.923012669,7.407905229,82.923,67470.8249
Ukwa West,0.959377897,702,293.335,Abia,4.954009236,7.239266452,73.3,106842.7926
Umuahia North,0.65489554,655,231.14,Abia,5.557996042,7.468691652,74.446,308068.8085
Umuahia South,0.180776273,670,131.269,Abia,5.462338035,7.439974237,53.22,224345.4052
Umu-Nneochi,0.028508886,617,451.958,Abia,5.939977755,7.41034335,84.996,220614.5579
Abaji,0.021536958,308,1002.453,Abuja,8.806423965,6.822686551,257.578,137510.4396
Municipal Area Council,3.062904556,314,1585.32,Abuja,8.955237074,7.349282513,206.501,1913131.592
Bwari,1.679154988,300,818.909,Abuja,9.20786352,7.429934191,153.605,728784.3978
Gwagwalada,0.107655255,307,967.762,Abuja,9.053900363,6.985332176,129.429,522133.3055
Kuje,0.012801995,331,1708.466,Abuja,8.638927252,7.230835055,217.281,292352.9377
Kwali,0.029357349,329,1299.111,Abuja,8.719626437,6.951803966,151.853,236750.4312
Demsa,0.057635126,281,2289.566,Adamawa,9.364226887,12.1814434,229.339,150469.6337
Fufore,-0.004980624,276,4270.342,Adamawa,9.166311153,12.63841247,433.228,239979.6884
Ganye,-0.006360987,343,1834.296,Adamawa,8.414845176,11.9864478,224.221,192931.6416
Girie,-0.0119069,244,1865.627,Adamawa,10.18686968,12.64760147,194.495,181186.8923
Gombi,0.024153636,285,1084.333,Adamawa,9.430360776,12.5899079,158.498,200932.5643
Guyuk,-0.003953803,264,699.835,Adamawa,9.82368663,11.99835965,130.547,136843.6889
Hong,-0.009042694,239,2732.219,Adamawa,10.30344733,13.02889157,220.773,231758.0337
Jada,-0.000657,334,1776.035,Adamawa,8.668160919,12.41448062,226.688,197998.8036
Lamurde,0.030472279,279,1167.036,Adamawa,9.568231386,11.80851897,154.327,78434.1592
Madagali,-0.003766043,221,498.673,Adamawa,10.83897145,13.54326112,97.89,128574.8406
Maiha,-0.017190038,254,530.763,Adamawa,9.887456793,13.22483752,161.644,94183.1496
Mayo-Belwa,-0.006342652,310,2175.744,Adamawa,8.867928043,12.05996265,279.185,197334.9529
Michika,-0.0189067,225,689.417,Adamawa,10.60764886,13.45078284,116.98,158182.441
Mubi North,0.001949576,243,687.937,Adamawa,10.32686924,13.38032452,126.823,180307.1535
Mubi South,-0.017975349,252,185.577,Adamawa,10.19038018,13.39325654,57.961,170740.0858
Numan,0.010517926,283,813.295,Adamawa,9.452740537,11.93493389,177.191,80331.0079
Shelleng,-0.018019296,249,1605.411,Adamawa,9.922920132,12.22929807,202.623,121762.492
Song,-0.013663465,263,4324.615,Adamawa,9.811197199,12.73161841,321.632,239863.3654
Toungo,-0.006275245,358,4627.869,Adamawa,8.001850471,11.85056626,340.831,49834.2979
Yola North,0.58375873,302,139.997,Adamawa,9.251618228,12.52006908,50.841,206303.3767
Yola South,0.171310929,306,370.27,Adamawa,9.157369439,12.59183879,90.685,368752.0384
Abak,0.143322189,701,177.485,Akwa Ibom,5.006098356,7.760621548,78.365,161657.0086
Eastern Obolo,0.338363098,747,109.034,Akwa Ibom,4.516033702,7.684731485,75.93,19312.3599
Eket,2.721918416,738,189.114,Akwa Ibom,4.628249078,7.942930075,64.858,231350.8815
Esit Eket,2.016389527,741,139.599,Akwa Ibom,4.63339369,8.067647956,48.16,53616.3324
Essien Udim,0.147469807,697,299.011,Akwa Ibom,5.099093944,7.638979579,81.343,115335.0762
Etim Ekpo,0.045941016,709,193.536,Akwa Ibom,4.960886861,7.590374259,74.743,91539.0515
Etinan,0.177722975,717,171.492,Akwa Ibom,4.801230423,7.834806511,74.423,78133.4383
Ibeno,28.57227675,746,213.383,Akwa Ibom,4.562158435,8.101790693,118.972,44222.9481
Ibesikpo Asutan,0.377408048,712,175.745,Akwa Ibom,4.911515322,7.940851365,58.348,202048.984
Ibiono Ibom,0.240101098,680,316.253,Akwa Ibom,5.199930525,7.881162351,98.815,104322.6338
Ika,0.067295457,706,130.881,Akwa Ibom,5.001235389,7.525873153,54.515,37501.5796
Ikono,0.244640878,682,269.755,Akwa Ibom,5.207500248,7.776426684,85.945,116095.6231
Ikot Abasi,0.262474626,740,338.5,Akwa Ibom,4.601067506,7.627443291,83.543,124116.7133
Ikot Ekpene,0.324239776,689,133.545,Akwa Ibom,5.187059079,7.683819156,51.313,227297.7474
Ini,0.050369954,669,473.182,Akwa Ibom,5.397681646,7.734272512,101.17,96777.1229
Itu,0.558307875,688,255.877,Akwa Ibom,5.148023311,7.978690337,79.634,141059.5835
Mbo,0.436601029,734,231.496,Akwa Ibom,4.646743486,8.240818505,72.887,69092.5893
Mkpat Enin,0.209349406,722,347.08,Akwa Ibom,4.687933422,7.756467552,117.661,82999.1979
Nsit Atai,0.165993676,721,131.734,Akwa Ibom,4.817696341,8.025931651,49.037,46886.9437
Nsit Ibom,0.17663915,713,119.971,Akwa Ibom,4.878504208,7.882292912,58.007,55409.4971
Nsit Ubium,0.306336106,725,204.246,Akwa Ibom,4.742737273,7.948754842,60.003,88812.3168
Obot Akara,0.085942514,683,232.632,Akwa Ibom,5.241882375,7.589776331,69.045,74362.8989
Okobo,0.13697183,719,275.251,Akwa Ibom,4.803958622,8.118507664,80.225,61470.6669
Onna,0.608465127,739,151.591,Akwa Ibom,4.615966734,7.848686869,60.525,69201.6557
Oron,0.204174102,774,81.472,Akwa Ibom,4.779526213,8.251202156,57.846,119312.8096
Oruk Anam,0.059491336,716,470.35,Akwa Ibom,4.795128064,7.655561094,102.778,136993.3138
Udung Uko,0.145100359,730,53.736,Akwa Ibom,4.745103565,8.241685812,35.684,20599.6845
Ukanafun,0.04962264,711,279.592,Akwa Ibom,4.879845413,7.598512292,89.558,107806.5606
Uruan,0.325948581,700,291.551,Akwa Ibom,4.983042047,8.042332121,89.334,117372.1739
Urue Offong-Oruko,0.194968689,731,127.666,Akwa Ibom,4.710338154,8.158939634,51.303,48854.2567
Uyo,2.214396498,704,188.375,Akwa Ibom,5.005173783,7.898351423,97.473,542051.0411
Aguata,0.239580589,616,162.798,Anambra,5.974717947,7.046606351,54.538,436697.0714
Anambra East,0.370568918,575,380.294,Anambra,6.298195667,6.857310435,97.287,102936.7594
Anambra West,0.035148183,535,743.236,Anambra,6.490933791,6.799636875,155.613,27477.1951
Anaocha,0.295962236,602,105.321,Anambra,6.074199998,6.995682913,53.252,164136.1385
Awka North,0.139311211,577,389.636,Anambra,6.329009787,7.04082127,81.161,65268.241
Awka South,0.971216758,596,171.447,Anambra,6.177681443,7.061528258,55.585,243014.3155
Ayamelum,0.029731711,541,570.041,Anambra,6.568544978,6.97476177,123.942,75584.5071
Dunukofia,0.44490345,591,58.595,Anambra,6.222779447,6.936867761,48.573,76836.4904
Ekwusigo,0.51273581,611,107.371,Anambra,5.989851887,6.824937001,50.143,247284.6498
Idemili North,1.330278063,603,87.655,Anambra,6.106388594,6.883223364,45.71,575468.8109
Idemili South,0.697344461,608,111.133,Anambra,6.058429623,6.878222239,59.047,241855.6171
Ihiala,0.163842537,631,222.332,Anambra,5.827074157,6.855384875,67.256,357811.2608
Njikoka,0.569081898,597,94.111,Anambra,6.173702942,6.966262209,47.434,192143.9473
Nnewi North,0.908528456,612,64.805,Anambra,5.988821657,6.884558206,38.631,221114.916
Nnewi South,0.347799107,620,168.774,Anambra,5.927793556,6.92003924,71.588,212751.7749
Ogbaru,0.519564873,610,398.903,Anambra,5.854825812,6.722517553,102.653,160155.3636
Onitsha North,3.147911307,605,28.143,Anambra,6.110008079,6.784489526,23.46,202210.3353
Onitsha South,0.589433046,607,17.16,Anambra,6.077638522,6.754701648,16.732,84706.0179
Orumba North,0.170412631,598,364.756,Anambra,6.094551787,7.146126859,95.183,117156.0359
Orumba South,0.037180685,614,231.92,Anambra,5.980174023,7.219784987,70.712,169796.0113
Oyi,0.943519845,590,131.681,Anambra,6.193537183,6.87294348,57.057,254355.5521
Alkaleri,-0.012105507,250,6133.911,Bauchi,9.857096466,10.51548187,387.282,362218.7402
Bauchi,0.062811582,241,3976.84,Bauchi,10.21572109,9.947538904,292.294,1106399.687
Bogoro,-0.010802112,277,653.946,Bauchi,9.63070195,9.607500311,107.026,73421.4601
Dambam,0.009743745,163,988.286,Bauchi,11.58617408,10.82629041,129.903,186966.9639
Darazo,-0.002040799,196,2498.174,Bauchi,11.13608991,10.62480832,277.019,374451.2703
Dass,-0.008027794,259,528.632,Bauchi,9.997326957,9.477049953,95.753,68763.5707
Gamawa,0.004188126,97,2980.671,Bauchi,12.0205131,10.6215411,244.217,324234.8112
Ganjuwa,-0.017366991,215,5305.348,Bauchi,10.73273513,10.02398979,371.544,492864.8898
Giade,0.001089729,182,656.404,Bauchi,11.38637711,10.25704036,132.978,194222.8249
Itas-Gadau,0.003665154,131,1545.691,Bauchi,11.84799724,10.0531601,232.697,269534.8425
Jama'are,0.017759418,165,549.474,Bauchi,11.67476838,9.932731365,109.066,78398.9897
Katagum,0.033905832,160,1952.149,Bauchi,11.61705844,10.27555675,323.023,509023.2961
Kirfi,-0.009044492,230,2526.468,Bauchi,10.40618407,10.5701701,203.789,169863.8847
Misau,0.003731099,185,1216.757,Bauchi,11.361715,10.50081734,171.161,254129.1898
Ningi,-0.005676119,202,5194.948,Bauchi,11.02346261,9.209002617,296.504,402363.3813
Shira,-0.003260689,181,908.407,Bauchi,11.42629799,10.08963259,127.18,301452.7932
Tafawa-Balewa,-0.010850502,253,2188.108,Bauchi,9.821817066,9.535744422,308.155,224143.708
Toro,-0.004898088,222,7111.208,Bauchi,10.39841051,9.211837228,408.122,427405.9482
Warji,0.000166,204,650.683,Bauchi,11.13648212,9.748367342,98.432,100757.2783
Zaki,-0.000246,85,1691.28,Bauchi,12.21469196,10.38161947,254.3,258412.4826
Brass,2.413668445,733,1913.948,Bayelsa,4.457937412,6.382969789,330.64,55998.3922
Ekeremor,1.057892503,696,1866.706,Bayelsa,4.946600447,5.690094081,217.528,102513.8792
Kolokuma-Opokuma,0.760767173,692,444.124,Bayelsa,5.08284065,6.266153951,104.426,48605.1011
Nembe,10.69227345,742,940.308,Bayelsa,4.50931175,6.346443632,142.85,32004.9445
Ogbia,1.336557527,715,753.329,Bayelsa,4.74924154,6.32063752,144.208,154405.6104
Sagbama,0.318002039,679,894.395,Bayelsa,5.112981541,6.183005503,252.89,103732.1235
Southern Ijaw,0.852713931,708,2639.512,Bayelsa,4.669055961,5.922694051,278.181,136499.6541
Yenegoa,3.989982477,678,747.564,Bayelsa,5.080931831,6.386172758,203.642,466191.9304
Ado,-0.006755062,513,1046.856,Benue,6.77366186,7.976493576,151.053,97320.3358
Agatu,-0.002805334,389,1250.779,Benue,7.854869729,7.906101207,163.301,97127.425
Apa,-0.006729207,420,893.602,Benue,7.61159785,7.888079285,118.497,156849.381
Buruku,0.011702884,432,1590.457,Benue,7.373239474,9.143150436,235.885,203786.1252
Gboko,0.110020245,447,1928.288,Benue,7.321215008,8.864007789,214.203,366013.4358
Guma,-0.002970153,373,2816.251,Benue,7.910057467,8.736229154,264.898,137860.6573
Gwer East,0.021234191,435,2480.175,Benue,7.358386549,8.420729979,240.002,173199.4237
Gwer West,0.005563953,409,1245.699,Benue,7.632111561,8.216564874,144.894,99899.19
Katsina-Ala,-0.008645593,445,2700.759,Benue,7.321699776,9.570645,251.782,411120.5548
Konshisha,0.002423673,477,1542.866,Benue,7.029929957,8.660368615,196.88,191629.5787
Kwande,-0.00517092,486,3077.589,Benue,6.822015632,9.500928944,299.203,374194.2894
Logo,-0.000352,401,1383.538,Benue,7.708541192,9.22626636,185.067,289361.0838
Makurdi,0.375856444,407,837.854,Benue,7.704199152,8.535874668,108.515,484382.0264
Obi,0.024439766,504,419.133,Benue,6.975769994,8.277010969,92.957,89982.8918
Ogbadibo,0.010736552,499,516.292,Benue,6.972802945,7.65712888,116.152,123109.639
Ohimini,0.021308336,480,632.463,Benue,7.207440188,7.949890761,106.807,90467.0966
Oju,0.036995951,511,1099.64,Benue,6.830370304,8.359106027,173.859,123143.0426
Okpokwu,-0.002416685,494,726.903,Benue,7.010938278,7.851019985,143.128,132298.7832
Oturkpo,0.120614301,443,1338.187,Benue,7.266962248,8.067640674,220.928,159855.4928
Tarka,0.081796843,428,384.891,Benue,7.58395682,8.850287453,83.03,53304.5592
Ukum,-0.012899769,403,1515.396,Benue,7.652141715,9.583520569,159.013,339565.3791
Ushongo,0.003657188,491,1268.178,Benue,7.044107443,9.088712921,196.014,124189.5578
Vandeikya,-0.0016449,512,766.631,Benue,6.830871318,9.055975942,122.298,129127.1265
Abadam,0.005252385,3,2430.515,Borno,13.36485957,13.18698733,288.957,135760.3274
Askira-Uba,-0.017671898,223,2198.599,Borno,10.64062904,13.02572894,275.575,281027.3177
Bama,-0.001912477,157,4486.311,Borno,11.5505769,14.15011944,333.282,250440.4888
Bayo,-0.005910769,227,1065.878,Borno,10.42057698,11.78995132,152.602,168992.5932
Biu,-0.007042969,214,3326.788,Borno,10.79187619,12.18489382,268.829,289775.9136
Chibok,-0.022636835,220,1399.068,Borno,10.8267441,12.87992709,149.955,118923.1077
Damboa,-0.010433045,188,6485.544,Borno,11.12721545,12.83707508,427.86,190951.26
Dikwa,0.001068616,122,1791.347,Borno,11.91447882,14.12030319,199.168,102234.1057
Gubio,0.000283,37,2504.059,Borno,12.66355235,12.79492413,215.022,171860.1275
Guzamala,-0.003590599,23,2313.066,Borno,12.87652106,13.27319115,245.222,127734.4799
Gwoza,-0.007585018,191,2432.214,Borno,11.18755933,13.64766461,206.635,276180.7135
Hawul,0.002417804,233,2079.023,Borno,10.45714313,12.37203964,217.165,253529.6761
Jere,0.040320758,123,873.84,Borno,11.90229268,13.25051564,184.365,445745.4384
Kaga,-0.008462529,149,2773.567,Borno,11.64686882,12.54235674,238.477,130899.3899
Kala-Balge,-0.003355443,96,1241.455,Borno,12.03717258,14.52584329,188.29,67193.308
Konduga,0.025552605,119,5889.791,Borno,11.61215034,13.18172978,515.01,194740.7099
Kukawa,-0.002342662,14,2086.713,Borno,12.98130153,13.59553353,273.008,136617.853
Kwaya Kusar,-0.010025813,236,735.947,Borno,10.4407422,11.98078451,119.134,132714.4587
Mafa,0.006400776,103,2933.849,Borno,12.0127148,13.61784753,270.565,141063.0577
Magumeri,-0.003684781,79,5133.506,Borno,12.17777926,12.67468465,305.925,272045.2321
Maiduguri,1.014361032,148,131.23,Borno,11.85275147,13.19961504,54.355,635562.262
Marte,-0.000289,751,2283.258,Borno,12.33787792,13.85996069,238.341,154938.5883
Mobbar,0.007709122,752,3244.578,Borno,13.05313572,12.70124146,298.171,192501.7927
Monguno,-0.00178373,64,1515.039,Borno,12.48464241,13.55810823,192.641,186832.2079
Ngala,-0.007311463,90,1328.809,Borno,12.19786195,14.27299468,153.916,145226.4957
Nganzai,0.002294147,48,2502.439,Borno,12.48698824,13.17752524,243.165,143482.0664
Shani,-0.011039936,246,1197.438,Borno,10.17414081,12.06538259,150.52,229340.1423
Abi,0.033132889,621,286.553,Cross River,5.893076373,8.008272591,95.948,104224.5216
Akamkpa,0.029720776,644,5364.582,Cross River,5.392125027,8.512955944,313.13,113083.7172
Akpabuyo,0.235302567,703,788.467,Cross River,4.894734498,8.460709596,160.101,150813.4611
Bakassi,0.07050635,766,85.967,Cross River,4.760766761,8.522511397,57.43,19336.9218
Bekwarra,0.004987691,531,314.478,Cross River,6.680814147,8.902442361,75.267,206947.6159
Biase,0.022844805,643,1259.1,Cross River,5.530616406,8.042000429,160.852,102120.1199
Boki,-0.012700187,563,2920.989,Cross River,6.262513029,8.990905206,238.495,186000.0195
Calabar Municipal,1.959756607,705,159.688,Cross River,4.995681936,8.315485437,62.032,116264.7902
Calabar South,0.116433914,750,116.018,Cross River,4.880046111,8.261661602,69.79,468435.1919
Etung,-0.021257644,615,906.435,Cross River,5.838645707,8.775233591,148.887,56484.5846
Ikom,-0.00027,584,2009.384,Cross River,6.063318329,8.589229701,216.359,207818.667
Obanliku,0.008417894,547,969.419,Cross River,6.509171851,9.289703683,153.555,139015.9681
Obubra,0.006680311,594,1161.558,Cross River,5.975039277,8.342099597,190.086,139957.2753
Obudu,0.041086985,548,380.983,Cross River,6.559269698,9.038742697,103.173,169041.6584
Odukpani,0.055515601,672,1120.03,Cross River,5.156636617,8.121019059,225.605,229780.6389
Ogoja,0.010631399,545,978.429,Cross River,6.495148445,8.706222025,196.574,181443.2738
Yakurr,0.021603566,623,671.75,Cross River,5.790790888,8.152380291,113.351,166451.1264
Yala,0.009492895,522,1766.567,Cross River,6.654956036,8.584073028,248.897,212311.1729
Aniocha North,0.037801035,572,467.838,Delta,6.362373599,6.479313473,108.565,115125.7639
Aniocha South,0.078214685,592,868.426,Delta,6.12828811,6.483341554,139.207,175655.2
Bomadi,0.096333457,767,125.056,Delta,5.204623889,5.85268573,104.863,38411.9059
Burutu,0.13905414,675,1826.651,Delta,5.234538472,5.589717721,300.455,56573.5592
Ethiope East,0.291504546,769,388.51,Delta,5.687990598,5.984137042,115.623,153983.2985
Ethiope West,0.703103922,613,545.782,Delta,5.919964022,5.729387148,121.195,217226.3796
Ika North East,0.076645116,583,505.941,Delta,6.228645124,6.289631095,118.078,138841.2073
Ika South,0.175979013,587,543.252,Delta,6.175506375,6.180349238,158.834,212473.0897
Isoko North,0.844770538,770,485.467,Delta,5.524930792,6.23413937,169.369,144938.9699
Isoko South,0.361931511,666,681.18,Delta,5.382090524,6.214173356,135.47,119714.3161
Ndokwa East,7.239749161,619,1715.942,Delta,5.670289079,6.507709107,268.931,63546.1978
Ndokwa West,6.084256737,618,862.988,Delta,5.802950085,6.335875143,183.581,172683.9772
Okpe,0.443623346,641,438.128,Delta,5.681358951,5.781110429,113.865,100075.3753
Oshimili North,0.167478238,571,499.511,Delta,6.322734755,6.644453093,119.275,238649.4999
Oshimili South,0.690527704,595,307.892,Delta,6.09213037,6.681719138,101.388,197977.6817
Patani,0.126787441,686,211.025,Delta,5.180555001,6.1001111,95.384,27791.0131
Sapele,2.59592938,627,434.734,Delta,5.825781711,5.642623414,103.379,234314.3093
Udu,5.323072439,665,135.533,Delta,5.472215179,5.822032182,53.028,200128.0998
Ughelli North,1.263589689,646,822.466,Delta,5.511216915,6.048206155,223.999,316911.4894
Ughelli South,2.551891865,663,782.897,Delta,5.340625533,5.893230876,245.817,130100.252
Ukwuani,8.689126524,624,416.726,Delta,5.844808328,6.237414418,90.142,112091.4528
Uvwie,4.695164342,658,99.771,Delta,5.571573599,5.776016265,52.264,219953.1106
Warri North,0.584901025,606,1746.102,Delta,5.879112106,5.252769135,252.816,35259.6832
Warri South,1.596521839,640,579.727,Delta,5.613793944,5.607036004,136.014,235394.9836
Warri South-West,2.05012709,638,1677.985,Delta,5.571430178,5.409900336,232.485,7330.4822
Abakaliki,0.091655813,588,538.788,Ebonyi,6.245258485,8.200929715,115.209,209435.7015
Afikpo North,0.040870734,625,199.676,Ebonyi,5.876505941,7.90796581,65.896,179701.0279
Afikpo South,0.010400134,626,331.552,Ebonyi,5.831682387,7.802751751,89.97,97846.9439
Ebonyi,0.224203138,538,457.044,Ebonyi,6.493454443,8.112049561,119.447,339494.7243
Ezza North,0.009702485,585,306.682,Ebonyi,6.248325375,7.965489198,74.207,103808.4696
Ezza South,0.014180304,601,329.324,Ebonyi,6.11182265,8.002024081,101.354,111714.3004
Ikwo,0.003646645,600,463.579,Ebonyi,6.07863875,8.172586212,114.72,355238.0451
Ishielu,0.014195713,556,915.997,Ebonyi,6.411876639,7.811789081,136.136,137950.5077
Ivo,0.020051938,622,289.41,Ebonyi,5.894673344,7.611006364,69.047,143742.2859
Izzi,0.011330273,532,1095.328,Ebonyi,6.504999481,8.264334231,157.832,486500.6744
Ohaozara,0.03059015,609,301.588,Ebonyi,5.988413162,7.778947188,77.779,193927.4906
Ohaukwu,0.079823097,544,537.844,Ebonyi,6.515367831,8.008563052,110.995,236376.7022
Onicha,0.005026283,599,448.79,Ebonyi,6.107157421,7.833381693,116.657,175794.9817
Akoko-Edo,0.078387333,448,1300.022,Edo,7.342464971,6.110688504,207.76,126441.257
Egor,1.058845885,580,107.951,Edo,6.349095537,5.555675851,47.072,545306.6287
Esan Central,0.160966163,530,255.573,Edo,6.71331724,6.228169889,104.891,108583.4243
Esan North-East,0.148509336,521,346.119,Edo,6.757145904,6.373383651,108.48,177680.8083
Esan South-East,0.021805365,534,1275.819,Edo,6.582709425,6.45945927,163.791,75780.5871
Esan West,0.137059388,529,505.89,Edo,6.654504609,6.111452593,132.532,157251.7167
Etsako Central,0.014358004,497,682.427,Edo,6.956465324,6.503823302,143.335,79365.1006
Etsako East,0.078849888,475,1232.928,Edo,7.185711248,6.489819578,180.692,121197.8272
Etsako West,0.138578737,493,970.942,Edo,6.975679232,6.291693921,156.708,223420.4155
Iguegben,0.102413659,552,398.103,Edo,6.50122403,6.219284465,111.964,53344.5201
Ikpoba-Okha,1.144924316,581,840.84,Edo,6.164446808,5.622840125,162.369,826000.1532
Oredo,0.817090553,586,262.469,Edo,6.213638973,5.523658739,82.168,495685.3049
Orhionmwon,1.585779594,582,2314.122,Edo,6.051644949,5.975670493,264.797,142292.2916
Ovia North-East,0.635410104,527,2369.425,Edo,6.480107187,5.506323442,345.447,238742.5167
Ovia South-West,0.076416368,526,2840.632,Edo,6.476808102,5.236962149,272.916,113198.9258
Owan East,0.056095672,489,1237.467,Edo,7.02752013,6.03244493,162.804,97431.8807
Owan West,0.061246845,506,705.306,Edo,6.902250109,5.87207887,128.408,71964.6956
Uhunmwonde,0.152083808,533,2027.641,Edo,6.492221916,5.88451998,186.343,366680.6406
Ado-Ekiti,0.341422325,434,323.285,Ekiti,7.596663669,5.278622535,82.789,563308.2752
Efon,0.073120282,417,178.489,Ekiti,7.661164227,4.955121704,60.518,55118.8644
Ekiti East,0.027952749,412,220.248,Ekiti,7.736422149,5.682819506,71.896,111712.0324
Ekiti South-West,0.04714199,441,307.087,Ekiti,7.509142442,5.076424331,83.109,67470.3555
Ekiti West,0.040228858,406,277.023,Ekiti,7.657539393,5.011015819,97.777,111331.8548
Emure,0.028031879,452,287.28,Ekiti,7.426410865,5.506011953,72.517,64423.5307
Gbonyin,0.018137575,427,420.251,Ekiti,7.598727168,5.499043653,107.031,91611.8421
Ido-Osi,0.078137443,399,262.414,Ekiti,7.840843085,5.168330358,69.305,156107.9381
Ijero,0.045772358,400,347.719,Ekiti,7.816727956,5.039569308,77.034,155667.9321
Ikere,0.181411962,450,204.225,Ekiti,7.483645471,5.219150253,61.707,125810.0766
Ikole,0.01389758,380,1005.353,Ekiti,7.862408059,5.512289218,157.519,148907.5508
Ilejemeje,0.032899788,391,100.102,Ekiti,7.93042652,5.217003545,43.234,28278.8962
Irepodun-Ifelodun,0.105352896,418,380.122,Ekiti,7.6970178,5.224239015,94.679,114916.1097
Ise-Orun,0.030714999,761,336.193,Ekiti,7.426272032,5.395239663,93.604,82734.8123
Moba,0.087674097,387,140.162,Ekiti,7.971167119,5.114304393,56.248,96584.7533
Oye,0.024298963,388,468.89,Ekiti,7.858469248,5.33933691,96.735,99727.5589
Aninri,0.036227422,604,293.127,Enugu,6.039421992,7.589767856,77.471,107066.2583
Awgu,0.141788206,589,451.503,Enugu,6.14519548,7.437002369,96.867,150902.5749
Enugu East,0.57383655,555,331.351,Enugu,6.548962616,7.539074218,74.022,328431.374
Enugu North,3.462541079,573,158.204,Enugu,6.447309197,7.537338407,65.198,265167.8108
Enugu South,1.895001462,578,70.528,Enugu,6.39608161,7.506341278,40.353,203455.5005
Ezeagu,0.075567682,566,618.06,Enugu,6.398115629,7.202846137,114.805,179742.0722
Igbo-Etiti,0.064408266,537,348.216,Enugu,6.67496908,7.406507066,77.96,113133.8798
Igbo-Eze-North,0.035327126,500,329.982,Enugu,7.009783835,7.438469152,69.29,108773.394
Igbo-Eze-South,0.06559927,507,184.238,Enugu,6.955858317,7.352201054,75.474,97396.0604
Isi-Uzo,0.018951468,525,893.94,Enugu,6.730658712,7.692936799,135.109,111648.6699
Nkanu East,0.090163535,559,829.008,Enugu,6.299242054,7.652077724,173.685,130290.9692
Nkanu West,0.462025449,579,275.984,Enugu,6.310981374,7.50901851,74.576,96747.5779
Nsukka,0.149540675,509,499.389,Enugu,6.839199875,7.353340265,126.22,370878.1713
Oji-River,0.131874361,593,372.979,Enugu,6.152150558,7.269474765,102.628,89078.976
Udenu,0.115684929,517,251.162,Enugu,6.861960522,7.549459749,67.231,142060.8562
Udi,0.178933778,550,925.411,Enugu,6.475583049,7.309750795,170.566,267391.4286
Uzo-Uwani,0.025978269,520,902.676,Enugu,6.734888056,7.120716267,184.382,92694.5514
Akko,0.204100056,245,2864.11,Gombe,10.14825693,11.06931737,266.37,548030.2024
Balanga,0.0000367,260,1801.476,Gombe,9.844473884,11.72003397,216.627,214769.5019
Billiri,-0.005537116,265,839.195,Gombe,9.881023632,11.18028806,136.965,177841.587
Dukku,-0.006666514,205,3692.063,Gombe,10.80601386,10.87001452,270.941,256370.1804
Funakaye,0.043252227,218,1415.664,Gombe,10.80644346,11.40955096,150.326,207208.1497
Gombe,0.152181353,248,15.194,Gombe,10.31250932,11.24010499,15.776,285470.5997
Kaltungo,-0.008582746,262,1061.022,Gombe,9.87648258,11.50372216,143.977,174806.4627
Kwami,0.006232231,228,1658.694,Gombe,10.53238485,11.24020958,181.361,300006.3653
Nafada,0.002184343,203,1895.418,Gombe,11.10013024,11.21462745,171.672,93525.7254
Shomgom,-0.011925741,269,851.998,Gombe,9.687557856,11.24573221,127.024,134735.1645
Yamaltu-Deba,0.004686759,237,2169.225,Gombe,10.30178023,11.5398992,217.043,468311.0687
Aboh-Mbaise,0.154241151,673,167.423,Imo,5.425494184,7.25180357,71.728,294875.8995
Ahiazu-Mbaise,0.180510884,661,101.874,Imo,5.546393699,7.271346947,43.628,246518.3252
Ehime -Mbano,0.076361705,649,150.433,Imo,5.664908115,7.303041892,54.315,237419.3011
Ezinihitte,0.115274221,668,98.884,Imo,5.464619314,7.326616321,41.875,227651.9544
Ideato North,0.054400293,629,186.445,Imo,5.866929768,7.15943157,73.368,401331.2199
Ideato South,0.03161456,634,85.381,Imo,5.790747181,7.155467773,39.54,134290.1285
Ihitte-Uboma,0.139053909,654,71.269,Imo,5.621824102,7.365254042,44.026,135298.9168
Ikeduru,0.22380449,660,179.608,Imo,5.550246189,7.164229734,55.451,367991.7583
Isiala Mbano,0.096611405,651,183.36,Imo,5.667665288,7.203378758,64.341,462750.3562
Isu,0.15513558,653,35.316,Imo,5.678051135,7.070452713,25.166,169808.3465
Mbatoli,0.494737345,657,191.677,Imo,5.589524335,7.039378628,64.363,370473.7565
Ngor-Okpala,0.092989089,676,606.508,Imo,5.289260168,7.150182266,110.507,280193.0456
Njaba,0.204243191,648,80.798,Imo,5.700953033,7.026939472,47.548,254749.9835
Nkwerre,0.112916536,647,39.228,Imo,5.735041917,7.120756015,28.651,115168.9138
Nwangele,0.127673201,650,54.933,Imo,5.699012412,7.13679959,34.553,233379.408
Obowo,0.285748634,662,75.792,Imo,5.54926542,7.360098201,35.881,218732.096
Oguta,5.645851799,645,480.132,Imo,5.658026487,6.812349004,100.352,140054.3646
Ohaji-Egbema,1.252819794,659,1151.802,Imo,5.402373934,6.824514409,166.39,331298.7712
Okigwe,0.042563712,628,267.045,Imo,5.810877556,7.32558642,80.064,228653.5553
Orlu,0.195530382,632,129.874,Imo,5.797408273,7.058453284,53.244,397624.0214
Orsu,0.125718848,630,136.963,Imo,5.861484939,6.997592531,49.344,222095.0477
Oru East,0.208681138,642,143.325,Imo,5.705575535,6.960153214,65.903,273397.3517
Oru West,0.214189996,637,92.013,Imo,5.742236019,6.91092584,50.475,244718.2341
Owerri Municipal,3.289780336,671,34.244,Imo,5.478296435,7.034816831,23.8,276963.3949
Owerri North,0.584623202,667,198.882,Imo,5.441537986,7.09805806,73.423,395069.9085
Owerri West,0.505195252,664,304.436,Imo,5.432261558,6.980410316,90.073,358703.3373
Onuimo,0.028767037,635,85.708,Imo,5.773626739,7.241101354,40.663,132330.6565
Auyo,0.105367528,91,500.453,Jigawa,12.31550108,9.996892201,153.313,110535.3455
Babura,0.002277919,50,1043.889,Jigawa,12.58695039,8.837529219,154.618,318938.3139
Biriniwa,0.039891673,43,1587.695,Jigawa,12.78274911,10.03348447,173.679,199557.837
Birnin Kudu,0.067298841,171,1435.966,Jigawa,11.45117822,9.490816626,177.797,501384.8795
Buji,0.044292758,167,546.281,Jigawa,11.56280156,9.732350811,108.467,157120.4794
Dutse,0.223607522,136,1036.537,Jigawa,11.77489077,9.298269655,155.571,463492.9154
Gagarawa,0.015451098,77,724.154,Jigawa,12.46513378,9.527916544,117.703,85268.174
Garki,0.011491448,84,1297.764,Jigawa,12.37192364,9.081677703,197.344,229456.0766
Gumel,0.316810904,68,238.098,Jigawa,12.5946304,9.362072781,61.613,91314.2524
Guri,0.015305184,53,1074.267,Jigawa,12.61600944,10.45367046,137.085,108190.9033
Gwaram,0.011332317,192,2025.904,Jigawa,11.17834221,9.991843589,245.29,427415.6828
Gwiwa,0.113357986,51,562.784,Jigawa,12.73132618,8.252276287,98.635,99626.6547
Hadejia,1.192634072,88,47.431,Jigawa,12.4271236,10.03112204,27.137,104526.0674
Jahun,0.02559372,121,1201.961,Jigawa,12.03398095,9.537859959,167.701,307127.0333
Kafin Hausa,0.013610783,100,1401.166,Jigawa,12.13236422,10.01016008,151.565,314482.8135
Kaugama,0.03947657,54,858.143,Jigawa,12.46961444,9.745257453,189.301,150989.9288
Kazaure,0.122230214,65,367.065,Jigawa,12.62412628,8.521348195,122.167,182651.1398
Kiri Kasama,0.103517109,62,808.531,Jigawa,12.53878906,10.22355906,138.621,171061.1375
Kiyawa,0.049419155,144,1106.815,Jigawa,11.81169948,9.575601187,175.273,290124.1109
Maigatari,0.01708663,758,1098.679,Jigawa,12.69140522,9.533658441,151.647,153527.7741
Malam Madori,0.14078734,69,787.242,Jigawa,12.52628793,9.982115471,140.602,202428.7714
Miga,0.020466011,106,618.096,Jigawa,12.19122587,9.675586637,112.198,157856.0054
Ringim,0.080108531,108,872.272,Jigawa,12.13033438,9.096445949,153.075,272605.9175
Roni,0.008958682,70,237.79,Jigawa,12.56151162,8.316402732,110.887,106491.6266
Sule Tankarkar,0.042741826,760,1488.303,Jigawa,12.62622333,9.170087581,180.385,207110.6545
Taura,0.057987139,99,678.662,Jigawa,12.23304748,9.342632256,138.645,195141.845
Yankwashi,0.087393344,52,448.059,Jigawa,12.73012806,8.494743226,112.758,90451.7534
Birnin Gwari,0.017384537,200,6281.145,Kaduna,10.8573347,6.654622958,434.131,439061.7678
Chikun,0.124498362,224,4879.182,Kaduna,10.36694454,7.240920672,434.993,702917.6707
Giwa,0.014821193,198,1957.978,Kaduna,11.10451776,7.392072752,214.4,377897.4489
Igabi,0.268399037,219,3508.283,Kaduna,10.71688931,7.547071207,349.105,825929.7055
Ikara,-0.000204,190,902.758,Kaduna,11.25264792,8.196087483,204.695,344838.1418
Jaba,0.034061751,284,429.905,Kaduna,9.448955533,8.03468141,98.461,157052.3173
Jema'a,0.010746586,290,1712.243,Kaduna,9.33521727,8.248236945,217.579,258235.1183
Kachia,0.000544,255,4624.107,Kaduna,9.818531789,7.648666673,362.304,338468.7953
Kaduna North,6.531496567,235,87.798,Kaduna,10.56083239,7.455289515,53.048,312885.45
Kaduna South,7.77297752,240,60.113,Kaduna,10.47372385,7.422602543,38.603,305109.466
Kagarko,0.048653405,763,2235.093,Kaduna,9.437805796,7.616832014,249.469,306589.9636
Kajuru,-0.003316936,242,2234.228,Kaduna,10.2523021,7.885087489,201.982,183670.5509
Kaura,0.05544266,278,508.776,Kaduna,9.593169817,8.457096992,104.383,166793.101
Kauru,-0.009680654,231,2739.35,Kaduna,10.26329012,8.286802621,317.624,336285.4222
Kubau,-0.002991397,211,2428.078,Kaduna,10.84709665,8.343238003,248.365,520846.5868
Kudan,0.045997412,199,395.747,Kaduna,11.25202374,7.782917413,92.978,162827.5088
Lere,-0.00202759,232,2325.557,Kaduna,10.32653332,8.555375355,233.654,555958.757
Makarfi,0.023619613,194,518.896,Kaduna,11.30040706,7.971482223,95.01,321632.0574
Sabon Gari,0.907658277,206,244.708,Kaduna,11.15950119,7.688105219,70.784,320434.7833
Sanga,0.009227136,295,1323.478,Kaduna,9.213472919,8.481690889,203.467,214063.2505
Soba,-0.002076367,209,2159.857,Kaduna,10.93982174,7.985741605,192.611,542500.2958
Zangon Kataf,0.017815229,258,2633.826,Kaduna,9.822633253,8.22597972,213.156,360622.884
Zaria,0.507565908,213,303.404,Kaduna,11.023143,7.714277512,82.388,565567.7308
Ajingi,0.003929493,130,693.982,Kano,11.94796489,9.029501195,128.946,239619.6164
Albasu,0.009702905,170,460.539,Kano,11.62254543,9.091499579,117.04,213533.3643
Bagwai,0.014942649,120,383.842,Kano,12.08016926,8.118563776,85.513,211456.3729
Bebeji,0.118318925,169,758.962,Kano,11.49166084,8.284119602,113.861,248847.2285
Bichi,0.022093655,101,610.056,Kano,12.24283022,8.245625112,127.066,445252.321
Bunkure,0.057344632,164,470.368,Kano,11.66315062,8.567959462,118.722,242175.3577
Dala,6.349254606,134,24.943,Kano,11.99837759,8.462518711,24.213,483957.1804
Dambatta,0.015897551,80,800.022,Kano,12.39952488,8.619752326,135.711,367982.7104
Dawakin Kudu,0.212572162,151,351.8,Kano,11.79647742,8.64593769,101.37,382454.3916
Dawakin Tofa,0.125491925,116,449.088,Kano,12.12117243,8.368692298,115.287,424208.6994
Doguwa,0.004804571,207,1445.992,Kano,10.83418793,8.646021817,200.421,193906.3383
Fagge,20.16933113,137,27.66,Kano,11.98513403,8.553782299,20.167,291916.8191
Gabasawa,0.023478853,109,660.079,Kano,12.15378945,8.835443657,116.994,262875.5934
Garko,-0.003368476,172,458.608,Kano,11.55063808,8.808933781,127.175,219544.2736
Garun Malam,0.127468583,166,240.516,Kano,11.64693873,8.373045626,69.719,150436.4323
Gaya,0.003059412,154,619.544,Kano,11.77295068,9.016087206,119.561,265273.4781
Gezawa,0.959274472,125,364.907,Kano,12.03363736,8.703944396,89.021,399867.5522
Gwale,13.30747521,139,23.81,Kano,11.96826402,8.468683485,23.055,825782.9281
Gwarzo,0.041022885,141,363.268,Kano,11.8834986,7.941833468,91.415,327713.614
Kabo,0.048184287,146,314.364,Kano,11.8667322,8.172368881,94.478,142131.3494
Kano Municipal,6.915155973,145,26.499,Kano,11.94045083,8.477484735,22.044,353763.9821
Karaye,0.065967039,155,450.051,Kano,11.75039562,7.992822961,104.486,225782.4229
Kibiya,-0.006459693,178,373.929,Kano,11.4879074,8.64464937,85.52,146385.8359
Kiru,0.061113066,161,831.066,Kano,11.58852282,8.126619612,178.992,312943.83
Kumbotso,1.911886744,147,162.81,Kano,11.90499976,8.497289107,63.807,997846.4213
Kunchi,0.005036805,83,706.672,Kano,12.40769156,8.253341051,113.824,211940.9125
Kura,0.168221299,158,240.989,Kano,11.77075117,8.470033232,78.902,186962.5926
Madobi,0.180882475,150,267.91,Kano,11.80999359,8.35477438,89.933,192410.5215
Makoda,0.017624796,81,403.585,Kano,12.40859583,8.46151557,122.794,206787.3492
Minjibir,0.124624434,107,415.334,Kano,12.17366119,8.597659497,89.745,351215.8834
Nassarawa,17.91251811,133,19.019,Kano,12.00588309,8.508378021,21.054,641461.4104
Rano,0.025300614,179,472.851,Kano,11.46649745,8.498752304,108.665,184905.243
Rimin Gado,0.070413168,138,210.163,Kano,11.92564573,8.2584499,78.295,101291.9619
Rogo,0.0000653,177,814.539,Kano,11.50510088,7.84791856,114.528,301983.413
Shanono,0.015074542,110,626.404,Kano,12.06729684,7.940861297,126.97,157862.9711
Sumaila,-0.011383717,184,1190.879,Kano,11.31154184,8.870888222,157.924,371164.5493
Takai,0.017228475,180,786.059,Kano,11.46715012,9.143514153,137.931,275061.9215
Tarauni,11.51342767,140,23.628,Kano,11.95497908,8.528279622,25.141,295562.1899
Tofa,0.189094947,128,203.698,Kano,11.99572703,8.310674703,66.71,123758.0173
Tsanyawa,0.004250644,94,412.742,Kano,12.25019054,7.99336752,87.777,169730.1318
Tudun Wada,0.011051979,195,1132.51,Kano,11.25111607,8.556984468,226.083,278653.9702
Ungogo,3.717411098,126,187.442,Kano,12.04681019,8.504618378,76.109,888851.0263
Warawa,0.399647855,143,345.302,Kano,11.89882564,8.728475188,86.974,194546.6469
Wudil,0.03147369,152,335.617,Kano,11.74145421,8.838378481,105.949,214437.4466
Bakori,0.065894657,162,669.028,Katsina,11.60713461,7.434801111,136.59,343485.3825
Batagarawa,0.197064379,36,442.871,Katsina,12.88516262,7.566188666,156.647,282857.8007
Batsari,0.003616707,39,1072.743,Katsina,12.77216625,7.244708626,163.425,295853.2455
Baure,-0.000779,47,735.83,Katsina,12.78769183,8.755763971,123.193,282913.3943
Bindawa,0.017816314,55,393.549,Katsina,12.7089658,7.85298859,110.336,270062.0589
Charanchi,0.018098035,63,464.027,Katsina,12.59488242,7.673961032,108.887,217790.0756
Dandume,0.055823364,186,428.777,Katsina,11.38757556,7.201173148,94.646,195180.2562
Danja,0.047447849,189,466.281,Katsina,11.38601676,7.564673086,121.701,193836.3891
Danmusa,-0.003613663,104,794.96,Katsina,12.20703584,7.334250498,124.908,208161.8005
Daura,0.093119864,30,314.929,Katsina,12.98523917,8.242109483,74.735,128285.2161
Dutsi,0.019073758,38,288.665,Katsina,12.90263359,8.136302841,83.753,107271.9371
Dutsinma,0.050037596,78,546.871,Katsina,12.42948478,7.519051515,119.138,306901.7631
Faskari,0.02589991,153,1701.466,Katsina,11.65618052,7.099663724,198.124,284888.0698
Funtua,0.293841279,183,482.248,Katsina,11.44281905,7.305979028,113.663,390558.0188
Ingawa,0.012488506,58,765.692,Katsina,12.60708302,8.068530894,159.374,208269.0558
Jibia,0.015283572,20,1099.06,Katsina,12.9855642,7.296388293,209.112,255795.794
Kafur,0.010714262,156,1031.357,Katsina,11.63658122,7.70052059,158.518,330098.0645
Kaita,0.020997998,11,972.081,Katsina,13.16246705,7.723243228,137.735,252803.7792
Kankara,0.009294814,118,1435.922,Katsina,11.95409475,7.371022176,210.868,353637.3234
Kankia,0.029921676,74,853.836,Katsina,12.43209444,7.790752228,146.346,200213.4404
Katsina,2.606165846,32,145.475,Katsina,13.00103211,7.611729149,46.744,644651.8899
Kurfi,0.011347405,49,558.026,Katsina,12.68434974,7.488803906,132.697,178314.8615
Kusada,0.008040642,82,399.347,Katsina,12.44139852,7.978341385,85.685,115261.2444
Mai'Adua,0.045216173,15,576.688,Katsina,13.14458383,8.207989388,122.765,170186.8688
Malumfashi,0.036815769,142,662.153,Katsina,11.83908055,7.65752298,133.543,380846.0196
Mani,0.021456909,28,775.836,Katsina,12.88463851,7.922192836,159.483,309711.905
Mashi,0.02405384,13,910.661,Katsina,13.12406113,7.983345225,141.039,308926.5094
Matazu,0.001318548,98,517.26,Katsina,12.24530625,7.627552973,93.649,158285.2705
Musawa,0.00265241,112,862.701,Katsina,12.07253995,7.695137791,167.405,178815.7823
Rimi,0.065169558,35,473.409,Katsina,12.82160096,7.694783671,117.871,303304.7314
Sabuwa,0.01968112,193,665.734,Katsina,11.28418074,7.093503468,131.035,146364.4222
Safana,-0.003776581,71,1353.244,Katsina,12.46986042,7.260129069,157.759,233431.1054
Sandamu,0.01459833,41,287.807,Katsina,12.89188358,8.348610372,77.109,103430.8879
Zango,0.007667652,31,648.034,Katsina,12.93936925,8.530927568,112.034,164024.6486
Aleiro,0.180126855,95,366.516,Kebbi,12.24898777,4.478593021,81.196,64228.5316
Arewa Dandi,0.006829548,19,4952.362,Kebbi,12.69408742,4.055095217,374.855,249083.8789
Argungu,0.095235451,57,1207.803,Kebbi,12.63437062,4.441094495,171.732,227949.1784
Augie,0.028542665,24,1519.903,Kebbi,12.87537955,4.640789605,178.015,108214.5644
Bagudu,0.002990419,754,4919.312,Kebbi,11.3169455,3.964112828,327.435,347390.3716
Birnin Kebbi,0.294839581,76,1253.632,Kebbi,12.41304014,4.304825012,172.714,422641.7664
Bunza,0.042321667,115,808.811,Kebbi,12.10347023,3.969043414,111.823,167071.2602
Dandi,0.029360655,127,2210.102,Kebbi,11.79481155,3.837454824,198.234,150372.6405
Wasagu-Danko,-0.006526368,768,3442.304,Kebbi,11.4171193,5.651138235,339.835,337427.9165
Fakai,0.003921262,173,1959.322,Kebbi,11.49284221,4.930894685,214.264,136543.425
Gwandu,0.058178824,72,856.333,Kebbi,12.46654335,4.677673563,160.225,203207.2411
Jega,0.038995213,114,904.481,Kebbi,12.03335407,4.485579777,139.043,194743.1176
Kalgo,0.03630422,89,696.867,Kebbi,12.26319279,4.082632534,128.713,111759.5731
Koko-Besse,0.008911706,174,1309.468,Kebbi,11.43553052,4.439522314,193.856,170600.358
Maiyama,0.024232575,113,1482.546,Kebbi,11.90556644,4.352988708,205.124,196149.6071
Ngaski,-0.003799071,216,2595.889,Kebbi,10.54388828,4.774278414,308.5,129342.3709
Sakaba,-0.01161102,197,1359.464,Kebbi,11.14853626,5.544382965,174.433,132836.212
Shanga,0.001643734,187,1502.343,Kebbi,11.20841565,4.726687552,205.3,183220.0049
Suru,0.015675748,132,1288.358,Kebbi,11.77074914,4.13634038,192.822,190251.4035
Yauri,0.001536622,210,953.027,Kebbi,11.00141418,4.606525387,205.94,101747.1478
Zuru,0.004326844,168,523.199,Kebbi,11.4808801,5.307618809,138.763,227102.4801
Adavi,0.099715636,410,717.632,Kogi,7.641412889,6.433701073,163.042,272742.9786
Ajaokuta,0.124730925,421,1375.68,Kogi,7.494015682,6.589818143,168.086,114023.6088
Ankpa,0.002143709,439,1269.452,Kogi,7.433711677,7.651150523,166.68,260857.9453
Bassa,0.020638672,386,1924.212,Kogi,7.770953126,7.024394532,241.143,105978.6511
Dekina,0.021440356,411,2495.273,Kogi,7.548162861,7.176570267,232.029,398693.1336
Ibaji,-0.000584,508,1382.18,Kogi,6.799308643,6.763027373,165.275,66559.1411
Idah,0.003247121,502,47.846,Kogi,7.06072277,6.713153885,30.648,35322.7548
Igalamela-Odolu,0.004876115,487,1997.448,Kogi,7.057314387,7.018737145,227.234,158820.4843
Ijumu,0.011861267,377,915.216,Kogi,7.848778363,5.956135866,156.888,100911.8984
Kabba-Bunu,0.05564351,356,2701.448,Kogi,8.062777986,6.203364061,282.78,142515.4472
Koton-Karfe,0.015548452,357,1533.698,Kogi,8.123407648,6.859037788,192.229,68992.1184
Lokoja,0.065707029,340,3406.807,Kogi,8.172968519,6.460339465,395.127,248124.0701
Mopa-Muro,0.008767779,363,878.826,Kogi,8.103316065,5.878465265,133.681,40492.2346
Ofu,0.025346601,460,1658.558,Kogi,7.302833482,7.038166309,266.705,161173.9098
Ogori-Magongo,0.086777175,456,74.93,Kogi,7.46150387,6.153370107,40.438,19590.8858
Okehi,0.074464021,408,730.224,Kogi,7.681918127,6.285425308,159.301,49835.537
Okene,0.050021276,451,290.361,Kogi,7.449825111,6.322088225,126.337,191612.6155
Olamaboro,0.007584123,484,1210.098,Kogi,7.183620341,7.558015588,164.898,209983.6833
Omala,0.003251476,384,1753.854,Kogi,7.799618662,7.540982471,176.079,96743.6379
Yagba East,-0.000698,355,1519.535,Kogi,8.164109031,5.761314932,237.886,67100.3064
Yagba West,0.019954824,351,1181.312,Kogi,8.296407812,5.527479568,159.37,56595.771
Asa,0.089187348,342,1570.266,Kwara,8.417440237,4.44609312,197.482,136305.6814
Baruten,0.006406794,257,10357.668,Kwara,9.294789104,3.391994126,542.227,267678.6119
Edu,0.018073851,759,2523.44,Kwara,8.876399537,5.205395566,267.67,125798.2986
Ekiti,0.041407033,372,547.14,Kwara,8.075931169,5.346871191,108.866,32178.961
Ifelodun,0.02226576,323,3476.224,Kwara,8.530528119,5.066798493,405.589,117189.7347
Ilorin East,0.259748834,341,434.493,Kwara,8.582616819,4.784356848,149.429,700643.2818
Ilorin South,0.434312463,352,166.344,Kwara,8.435253145,4.692388286,66.358,62561.5689
Ilorin West,1.735200881,349,98.404,Kwara,8.47156965,4.554961919,52.512,345260.7176
Irepodun,0.138789554,360,744.714,Kwara,8.156105541,4.935743468,158.096,104900.4311
Isin,0.093079366,361,633.065,Kwara,8.253496477,5.054078318,111.345,31856.3086
Kaiama,0.003830902,256,7887.974,Kwara,9.459544871,4.179281633,410.375,196830.9889
Moro,0.033927456,316,3183.797,Kwara,8.828460082,4.576806508,250.215,143596.2226
Offa,0.34917052,370,97.357,Kwara,8.13754072,4.699779287,42.606,126926.4981
Oke Ero,0.068156656,364,418.991,Kwara,8.158304247,5.264552132,124.94,33677.6618
Oyun,0.071203449,362,477.98,Kwara,8.145574973,4.658419725,154.368,88494.5817
Pategi,0.007184223,330,2951.182,Kwara,8.615922923,5.811979376,238.21,77336.6459
Agege,10.06471657,549,16.575,Lagos,6.640746038,3.305409927,18.782,289449.7823
Ajeromi-Ifelodun,10.49726575,574,11.645,Lagos,6.466175056,3.324312762,13.097,314222.5886
Alimosho,5.743507962,543,148.062,Lagos,6.598164184,3.245760198,55.194,2079944.119
Amuwo Odofin,3.306997327,569,190.955,Lagos,6.450737649,3.264784915,67.32,377541.2873
Apapa,18.56885596,765,43.227,Lagos,6.437019209,3.362923608,34.006,271369.4581
Badagry,0.894234906,570,516.531,Lagos,6.446571434,2.910629984,115.339,663729.649
Epe,0.178124013,749,1205.291,Lagos,6.561913665,3.95022511,247.437,202902.058
Eti Osa,10.26324599,764,201.279,Lagos,6.452816939,3.533949934,85.069,493328.1549
Ibeju Lekki,0.61599334,564,488.075,Lagos,6.4672077,3.864350818,157.064,302704.1231
Ifako-Ijaye,8.809837562,542,33.615,Lagos,6.677260018,3.303991521,28.115,297182.406
Ikeja,17.12913933,551,45.744,Lagos,6.619092372,3.335571541,32.736,307583.9476
Ikorodu,3.576643951,546,369.494,Lagos,6.626210641,3.558520355,88.09,1241907.315
Kosofe,8.81912905,554,74.118,Lagos,6.607016502,3.401006934,38.369,489892.8572
Lagos Island,2.785135551,558,238.99,Lagos,6.518635791,3.48232324,94.966,44729.8769
Lagos Mainland,11.659153,567,22.781,Lagos,6.504245784,3.374241828,22.449,269611.8083
Mushin,13.10961275,562,17.387,Lagos,6.551415191,3.342003952,18.422,350625.5487
Ojo,2.044719931,565,196.583,Lagos,6.459484086,3.143994795,68.195,695867.6416
Oshodi-Isolo,9.339666849,560,38.595,Lagos,6.558732161,3.304116408,28.349,557312.4779
Shomolu,11.98190406,561,18.304,Lagos,6.553516883,3.378711137,17.122,151658.4182
Surulere,10.04605972,568,30.717,Lagos,6.507097202,3.335343463,23.004,118282.3147
Akwanga,0.136935464,313,848.06,Nasarawa,8.993858101,8.327013762,117.66,100919.687
Awe,-0.020159027,353,2627.772,Nasarawa,8.249846841,9.218539268,261.033,181481.1166
Doma,-0.007335718,350,2605.347,Nasarawa,8.163337811,8.281219083,265.182,1051199.328
Karu,0.26924641,299,2657.359,Nasarawa,9.027654054,7.765845874,284.963,715324.7288
Keana,-0.018902763,366,1055.373,Nasarawa,8.167463773,8.768291906,152.422,114682.9795
Keffi,0.362878366,332,158.196,Nasarawa,8.829535044,7.823715697,49.072,191251.8254
Kokona,0.023388608,312,1794.341,Nasarawa,8.832132498,8.04998983,196.998,232705.6638
Lafia,0.022016583,324,2784.072,Nasarawa,8.640066862,8.699591118,365.24,238548.817
Nasarawa,0.010457774,337,5806.401,Nasarawa,8.328995153,7.776540905,349.767,331586.5174
Nasarawa Egon,0.028884437,333,1186.461,Nasarawa,8.740715942,8.420908872,157.254,59682.0206
Obi,-0.013209721,354,992.172,Nasarawa,8.347375883,8.727688167,154.195,89982.8918
Toto,-0.007212118,346,2737.782,Nasarawa,8.238495568,7.202320688,257.718,131405.2564
Wamba,0.033690054,309,1183.679,Nasarawa,8.976767931,8.676112515,142.807,229804.4865
Agaie,0.006754227,305,1868.953,Niger,8.930562791,6.408175494,199.223,101623.4442
Agwara,0.000367,217,1801.119,Niger,10.774757,4.539767062,177.907,94013.5595
Bida,0.51445518,319,51.239,Niger,9.082687486,5.984727584,28.012,192094.2912
Borgu,0.011133579,757,10355.939,Niger,10.37846117,4.162557712,582.572,346423.7272
Bosso,0.145111351,273,1589.8,Niger,9.598195856,6.387043573,211.481,243502.3645
Chanchaga,2.189523394,282,73.751,Niger,9.60547139,6.514193835,33.141,373749.9565
Edati,0.00883628,762,783.513,Niger,9.027495576,5.618233981,149.074,46732.155
Gbako,0.007900269,289,1804.877,Niger,9.284563244,5.986139632,212.515,149714.3601
Gurara,0.083018859,292,1141.298,Niger,9.322033966,7.023184074,235.499,90065.9321
Katcha,0.01005347,293,1732.748,Niger,9.11672823,6.242193635,299.235,156301.111
Kontagora,0.031419532,229,2021.578,Niger,10.42471955,5.475140341,206.77,235330.715
Lapai,-0.000349,298,3042.211,Niger,8.726986257,6.635199529,365.636,200332.5991
Lavun,0.012417123,771,3951.431,Niger,9.273478227,5.683299513,424.153,192370.8039
Magama,0.003304858,226,3764.949,Niger,10.37080155,4.980060431,360.828,296466.9599
Mariga,-0.014037968,212,5772.875,Niger,10.67064522,5.819122728,369.762,373467.9393
Mashegu,-0.000193,251,9114.887,Niger,9.862640245,5.233473972,492.217,665585.148
Mokwa,0.060392706,287,3986.091,Niger,9.24373037,5.146363936,582.23,249665.4491
Munya,0.007601879,261,2265.14,Niger,9.809817142,7.017319158,230.732,87478.3836
Paikoro,0.019931108,275,2215.32,Niger,9.468097657,6.855652785,311.559,209495.0342
Rafi,0.028429771,238,3508.958,Niger,10.16516014,6.248211618,309.948,274147.6576
Rijau,-0.005065182,201,3040.086,Niger,11.07075525,5.158645227,256.499,216913.794
Shiroro,0.024960018,234,5275.07,Niger,10.11113888,6.672110695,459.323,279214.1438
Suleja,0.449307069,304,121.968,Niger,9.188225949,7.15108401,48.953,378903.3349
Tafa,1.340079762,301,139.068,Niger,9.242719283,7.230877004,68.698,64666.1473
Wushishi,-0.006973947,268,1886.07,Niger,9.676223969,5.933257986,238.34,107715.4618
Abeokuta North,0.092533046,468,801.427,Ogun,7.234612834,3.17023009,126.393,480407.4367
Abeokuta South,1.197962579,490,70.09,Ogun,7.169759161,3.354022564,35.34,421468.1478
Ado Odo-Ota,1.160349655,536,904.124,Ogun,6.637450681,3.06818012,134.892,2181858.398
Egbado-Yewa North,0.069444562,464,1968.764,Ogun,7.153682835,2.904207694,199.323,359098.1154
Egbado-Yewa South,0.108496155,514,659.87,Ogun,6.808212777,2.935519903,117.681,408282.2461
Ewekoro,0.432009247,501,615.158,Ogun,6.958220267,3.188789348,123.449,162392.4242
Ifo,1.318323499,524,487.083,Ogun,6.783523294,3.237972962,127.078,1702206.422
Ijebu East,0.064341584,503,2205.946,Ogun,6.824047645,4.257214928,237.895,251168.8993
Ijebu North,0.065590507,498,847.191,Ogun,7.003856463,3.978088179,133.278,324306.3666
Ijebu North-East,0.135594163,518,127.432,Ogun,6.889011062,4.011844321,51.606,71026.7435
Ijebu Ode,0.515042284,523,177.963,Ogun,6.766052585,3.956339703,91.879,276590.8744
Ikenne,0.649664022,510,141.906,Ogun,6.910163541,3.673800897,54.127,161192.2676
Imeko Afon,0.016287318,748,1583.159,Ogun,7.669554248,2.866053604,222.706,124616.7659
Ipokia,0.104004888,528,474.581,Ogun,6.623769963,2.800247147,129.311,213243.5909
Obafemi Owode,0.35875434,495,1414.9,Ogun,7.003683072,3.47390487,188.022,923165.1933
Odeda,0.04940379,458,1398.575,Ogun,7.295861108,3.513851462,183.993,306342.9261
Odogbolu,0.229488988,519,544.263,Ogun,6.785978,3.805332471,103.056,257516.9667
Ogun Waterside,0.015324175,557,957.702,Ogun,6.486424741,4.402563643,175.154,60566.6031
Remo North,0.181553677,505,164.237,Ogun,6.995823712,3.715964546,57.241,71985.9284
Shagamu,1.433287957,516,616.709,Ogun,6.788476911,3.564746646,114.994,749083.3312
Akoko North-East,0.027869753,433,430.565,Ondo,7.553300708,5.837089187,119.263,158926.0442
Akoko North-West,0.031721682,419,551.235,Ondo,7.649377421,5.778817026,102.289,131582.9604
Akoko South-East,0.044506,453,232.592,Ondo,7.435938211,5.886985587,78.973,42489.843
Akoko South-West,0.045389352,457,507.272,Ondo,7.403156836,5.673885316,94.773,157666.4123
Akure North,0.182331832,467,680.62,Ondo,7.273785094,5.303042354,124.425,295888.966
Akure South,0.317454085,479,329.779,Ondo,7.212006028,5.190207579,92.185,628879.3949
Ese Odo,0.032502759,576,720.855,Ondo,6.212754714,4.971192555,138.733,82564.181
Idanre,0.022496528,488,1898.913,Ondo,6.978596476,5.199628844,215.29,195789.497
Ifedore,0.066762695,466,246.27,Ondo,7.36536094,5.090168209,73.011,487590.6749
Ilaje,0.044456519,553,1452.769,Ondo,6.226364988,4.77286,279.386,181092.4281
Ile Oluji-Okeigbo,0.010245442,471,321.704,Ondo,7.281665122,4.957874663,73.122,318441.3199
Irele,0.010176968,540,815.163,Ondo,6.524171307,4.984272054,139.109,129109.431
Odigbo,0.051949131,515,1886.304,Ondo,6.754962565,4.721825663,226.334,313697.4267
Okitipupa,0.019409043,539,774.702,Ondo,6.552591777,4.714932597,117.234,220973.6764
Ondo East,0.023544573,492,339.507,Ondo,7.077210929,4.950948846,98.927,30143.2331
Ondo West,0.045986765,496,847.8,Ondo,7.000040149,4.725554938,125.156,247654.2394
Ose,0.024957585,470,1543.645,Ondo,7.059882321,5.722824538,236.035,149099.1579
Owo,0.079271134,483,989.44,Ondo,7.152745477,5.547318353,156.926,322048.5146
Ayedade,0.045567029,442,1050.332,Osun,7.295480736,4.309933481,243.493,168276.297
Ayedire,0.043959673,437,281.556,Osun,7.543858021,4.240144314,83.498,81930.2361
Atakunmosa East,0.060148658,449,576.43,Osun,7.302564146,4.803723021,130.448,62425.1518
Atakunmosa West,0.066191409,426,578.505,Osun,7.492060476,4.675205419,154.998,80596.676
Boluwaduro,0.066863367,390,149.761,Osun,7.918911784,4.81303383,59.331,55667.3489
Boripe,0.217851515,397,138.454,Osun,7.839419999,4.683982743,68.804,217356.1805
Ede North,0.67360109,422,85.727,Osun,7.709289901,4.507068493,42.449,123142.6297
Ede South,0.111674583,429,230.891,Osun,7.633136688,4.46860016,63.73,132007.7409
Egbedore,0.690908578,402,301.4,Osun,7.763581557,4.432031788,100.333,258518.0427
Ejigbo,0.088224568,395,393.311,Osun,7.824314353,4.267609733,133.163,154442.7162
Ife Central,0.211202022,454,70.335,Osun,7.456244299,4.605470021,38.63,177299.6898
Ife East,0.018085659,462,102.209,Osun,7.362839855,4.611643637,64.881,447689.4668
Ife North,0.121517793,446,978.382,Osun,7.285774967,4.469956445,198.053,125852.2472
Ife South,0.006846578,472,702.191,Osun,7.199722401,4.596020432,150.775,137428.9051
Ifedayo,0.063429,385,115.146,Osun,7.96253821,5.001676714,52.451,24143.4722
Ifelodun,0.509253512,393,131.806,Osun,7.904281935,4.64751187,56.555,117189.7347
Ila,0.031379888,378,333.442,Osun,7.977367932,4.900588148,94.173,105478.0964
Ilesha East,0.462934227,438,83.198,Osun,7.586148126,4.766445139,39.123,212828.0633
Ilesha West,0.99723155,436,65.02,Osun,7.629649866,4.715074851,41.095,293358.9551
Irepodun,0.713534257,398,65.727,Osun,7.856745689,4.519425722,44.29,104900.4311
Irewole,0.071290301,459,309.774,Osun,7.384236534,4.218556432,77.992,163152.9011
Isokan,0.026322682,482,196.454,Osun,7.270772152,4.18760634,57.96,105830.7954
Iwo,0.197329619,423,301.097,Osun,7.635257125,4.130987682,76.569,314403.1672
Obokun,0.143101768,404,522.044,Osun,7.762044571,4.771781535,102.804,116153.1403
Odo Otin,0.077269192,382,278.912,Osun,7.99185323,4.682342996,83.094,157932.853
Ola Oluwa,0.102145753,414,352.828,Osun,7.729953213,4.208475567,85.73,57148.2376
Olorunda,1.554438055,394,92.957,Osun,7.84198011,4.578304143,54.689,283263.6037
Oriade,0.084149852,425,598.314,Osun,7.522684435,4.884528237,126.578,161227.8086
Orolu,0.408804627,396,87.127,Osun,7.882402547,4.481376194,42.778,127308.5249
Osogbo,1.170654683,415,55.686,Osun,7.745337152,4.584593584,35.722,268329.5385
Afijio,0.04616253,405,726.712,Oyo,7.746654071,3.897557159,139.576,124193.2962
Akinyele,0.367207778,431,480.453,Oyo,7.561210468,3.916166361,107.414,466424.4162
Atiba,0.019207565,347,1672.059,Oyo,8.239317919,3.914362775,221.32,85458.0059
Atisbo,0.015737032,348,2767.258,Oyo,8.351543458,3.23874736,335.551,98580.9121
Egbeda,0.564478988,461,189.234,Oyo,7.39084547,4.059006136,67.203,668543.0925
Ibadan North,3.772660545,463,26.46,Oyo,7.411897329,3.910474166,21.508,138047.5151
Ibadan North-East,1.657817825,469,17.724,Oyo,7.37432652,3.931288725,22.323,367239.7494
Ibadan North-West,3.441937134,465,28.696,Oyo,7.400765171,3.877505592,26.755,103405.5133
Ibadan South-East,1.991615472,478,23.51,Oyo,7.335169824,3.904496922,18.971,230667.9071
Ibadan South-West,4.958433186,474,40.226,Oyo,7.354409939,3.863996675,26.686,261598.0926
Ibarapa Central,0.015306557,455,456.471,Oyo,7.426326887,3.237206152,88.205,77305.3312
Ibarapa East,0.023565315,416,822.403,Oyo,7.607953274,3.492072629,141.334,97181.8493
Ibarapa North,0.001000547,413,1247.332,Oyo,7.646153703,3.159181341,139.251,78839.6793
Ido,0.309835355,424,1071.133,Oyo,7.506774701,3.711860236,174.546,531508.5826
Irepo,0.01106363,311,1056.594,Oyo,8.999792381,3.934771101,157.105,83762.3396
Iseyin,0.052676091,383,1351.944,Oyo,7.864728388,3.533333082,187.88,279277.0715
Itesiwaju,0.024488669,359,1371.911,Oyo,8.188709393,3.511793442,204.175,58569.7028
Iwajowa,0.014564948,369,2333.834,Oyo,8.004456367,3.021811143,257.165,79102.9911
Kajola,0.029034565,371,586.18,Oyo,8.026391245,3.357533626,102.904,89013.0774
Lagelu,0.322444508,444,267.979,Oyo,7.494845905,4.046896825,74.062,564982.121
Ogbomosho North,0.262089847,368,197.11,Oyo,8.154479087,4.270447039,58.824,281077.3965
Ogbomosho South,0.064059928,376,71.937,Oyo,8.079880583,4.233329183,40.332,157331.0128
Ogo Oluwa,0.037931336,379,473.845,Oyo,7.942995866,4.221617071,121.498,62500.1543
Olorunsogo,0.017465765,326,1037.665,Oyo,8.751820952,4.090865619,155.408,70640.7478
Oluyole,0.233923664,481,765.234,Oyo,7.183874333,3.877353437,117.299,449083.4721
Ona Ara,0.147221981,476,310.448,Oyo,7.250768902,4.040127642,84.841,286940.3863
Orelope,0.023050546,327,920.401,Oyo,8.803832998,3.811437796,147.801,84976.4859
Ori Ire,0.024132934,345,1910.959,Oyo,8.334229821,4.144232678,211.283,134256.6151
Oyo East,0.133724988,392,131.568,Oyo,7.878777156,4.021316819,59.329,54995.8172
Oyo West,0.075540216,375,526.294,Oyo,7.941570227,3.821797048,105.775,359851.8343
Saki East,0.021500784,328,1658.42,Oyo,8.683201553,3.603791152,179.961,67689.8475
Saki West,0.017459954,335,2172.974,Oyo,8.569798284,3.147185965,228.31,345995.7826
Surulere,0.02799161,365,799.216,Oyo,8.07179199,4.414903225,128.203,118282.3147
Barkin Ladi,0.034254173,272,856.055,Plateau,9.556095409,8.912174316,166.41,164746.9802
Bassa,0.041003515,247,1479.105,Plateau,10.06732158,8.783184712,185.895,105978.6511
Bokkos,0.004728884,296,1532.477,Plateau,9.209305268,8.899430024,158.438,207532.9151
Jos East,0.028189655,267,802.559,Plateau,9.865349095,9.072094977,108.536,39962.1055
Jos North,1.729032384,266,403.323,Plateau,9.908951559,8.871181223,78.34,591220.0381
Jos South,0.343480582,270,453.764,Plateau,9.722177252,8.793054503,104.328,638303.9279
Kanam,-0.017697544,271,3019.104,Plateau,9.527468541,10.05330366,294.186,147705.7514
Kanke,0.003281002,291,1279.089,Plateau,9.397001132,9.578956443,156.741,78068.0958
Langtang North,0.003948628,303,804.249,Plateau,9.087957877,9.777727499,165.052,176966.6896
Langtang South,-0.015933451,338,1361.094,Plateau,8.583890977,9.810522448,148.518,119852.4549
Mangu,0.010741299,274,1764.24,Plateau,9.399778099,9.150007274,205.29,255320.0747
Mikang,-0.001150499,315,747.416,Plateau,9.013579258,9.570589155,153.224,79835.586
Pankshin,0.005832642,288,1292.964,Plateau,9.263288345,9.394954747,203.012,145838.7101
Qua'an Pan,-0.012141378,321,2381.537,Plateau,8.738296416,9.133422377,224.661,243570.3054
Riyom,0.008884737,280,806.432,Plateau,9.530432006,8.686492535,122.641,89838.8039
Shendam,-0.014401934,320,2501.515,Plateau,8.698298111,9.49977663,285.285,288083.6957
Wase,-0.012478577,294,6209.003,Plateau,9.052514664,10.22896536,323.167,215512.0893
Abua-Odual,0.262500319,714,673.838,Rivers,4.828550351,6.549153939,140.8,79308.2319
Ahoada East,1.451075095,693,354.096,Rivers,5.058531371,6.618620875,114.092,229578.8606
Ahoada West,12.58286894,691,440.862,Rivers,5.051759562,6.500536066,115.787,71769.4543
Akuku Toru,2.347948553,735,533.696,Rivers,4.549269526,6.73968338,125.944,17421.8093
Andoni,0.281158217,744,235.36,Rivers,4.516090847,7.388384171,79.493,77340.6728
Asari-Toru,0.51707516,728,99.479,Rivers,4.741407063,6.829306302,55.917,29774.0471
Bonny,8.614411214,743,647.422,Rivers,4.510660586,7.192507086,139.81,107203.6285
Degema,8.526271582,723,1023.248,Rivers,4.573433736,6.901457633,223.875,65368.1932
Eleme,2.536140166,724,125.84,Rivers,4.768227872,7.165329347,46.559,241243.51
Emuoha,0.660556368,687,762.646,Rivers,4.989697187,6.751652139,161.086,202552.0636
Etche,0.959395849,694,568.879,Rivers,5.062704893,7.049993574,121.1,458612.1284
Gokana,0.461907829,737,93.218,Rivers,4.660026483,7.282618718,43.954,155276.2184
Ikwerre,0.731387825,690,673.248,Rivers,5.026760285,6.884054618,117.63,366636.2599
Khana,0.151236251,726,520.661,Rivers,4.695075219,7.428098413,103.493,305501.9701
Obio-Akpor,5.919052041,718,280.085,Rivers,4.849349351,7.001763658,83.299,1461953.462
Ogba-Egbema-Ndoni,13.22123108,652,700.062,Rivers,5.394652183,6.639998913,184.44,386531.4035
Ogu Bolo,1.324913458,736,67.644,Rivers,4.643497216,7.183441669,48.186,15215.7634
Okrika,8.13349597,732,226.901,Rivers,4.657420827,7.102013498,89.791,105224.8946
Omumma,0.22457231,695,302.128,Rivers,5.093642615,7.184540416,72.275,117634.6099
Opobo-Nkoro,0.2717315,745,167.605,Rivers,4.523239555,7.493693299,62.395,3459.9782
Oyigbo,1.956087369,720,342.323,Rivers,4.835780771,7.288896017,107.718,255102.0291
Port Harcourt,4.537368395,727,194.759,Rivers,4.747750071,7.034301779,64.004,482981.1439
Tai,0.474322644,729,101.697,Rivers,4.737835491,7.260695485,45.2,54218.2899
Binji,0.00896487,16,527.869,Sokoto,13.17967156,4.891626077,100.792,90210.7359
Bodinga,0.046022056,44,554.94,Sokoto,12.82542038,5.230392976,110.327,341899.6374
Dange-Shuni,0.011952343,40,1197.884,Sokoto,12.81902576,5.469980744,153.605,428866.768
Gada,0.005794477,0,1193.977,Sokoto,13.6734744,5.376003265,170.095,331188.3633
Goronyo,-0.001497585,7,1651.61,Sokoto,13.37200055,5.807781897,255.14,191742.7709
Gudu,-0.000227,755,4005.965,Sokoto,13.41484152,4.520069861,276.186,131624.8557
Gwadabawa,0.002764663,6,1009.712,Sokoto,13.42676977,5.375989002,172.871,237214.6359
Illela,-0.005184608,1,1298.423,Sokoto,13.6866942,5.724052401,174.726,240249.9169
Isa,-0.005727746,753,2082.867,Sokoto,13.21256711,6.333493754,254.064,170709.1372
Kebbe,0.001207114,117,2758.11,Sokoto,11.88230241,4.805727857,233.705,79882.2843
Kware,0.058930011,12,702.678,Sokoto,13.14966076,5.311966682,147.599,226929.4347
Rabah,-0.006237503,17,2654.951,Sokoto,12.97772924,5.773742497,222.453,149126.9062
Sabon Birni,-0.00263533,5,2241.75,Sokoto,13.48060895,6.266445641,201.102,355039.4836
Shagari,0.003892824,60,1296.653,Sokoto,12.51656482,5.180747397,201.954,179389.1285
Silame,0.00130153,26,610.931,Sokoto,12.96422486,4.893639015,98.297,93701.9822
Sokoto North,2.750379049,29,39.581,Sokoto,13.06395461,5.267326071,25.821,253953.2219
Sokoto South,1.609625765,33,30.346,Sokoto,13.01870547,5.279452057,30.722,361027.999
Tambuwal,0.010581172,61,2207.511,Sokoto,12.35078818,4.880544324,289.473,249066.0156
Tangaza,0.006877905,2,2460.715,Sokoto,13.47705741,5.00071397,209.702,150850.6395
Tureta,0.002064594,66,1293.001,Sokoto,12.48309746,5.459307587,178.822,87419.7734
Wamako,0.55213616,21,571.605,Sokoto,13.04405847,5.120979383,105.038,494374.3569
Wurno,0.003834394,8,642.076,Sokoto,13.24284254,5.542393118,140.928,166591.9113
Yabo,0.012394307,46,828.959,Sokoto,12.76232393,5.002005583,135.11,112112.7358
Ardo-Kola,0.026310774,318,2417.985,Taraba,8.811156806,11.23745484,212.958,129156.5381
Bali,-0.00719547,344,8546.623,Taraba,8.147595904,11.04836268,465.213,371218.8118
Donga,-0.013196608,374,3434.272,Taraba,7.681815989,10.28111244,377.591,208365.3826
Gashaka,0.004144086,381,8267.946,Taraba,7.556608169,11.4303718,412.38,97738.0819
Gassol,-0.022139031,336,5979.249,Taraba,8.443519101,10.57911189,359.334,551775.3335
Ibi,-0.031742745,339,2848.122,Taraba,8.300290384,9.774787371,351.999,112121.6509
Jalingo,0.546641386,325,191.234,Taraba,8.913730024,11.40137881,81.649,319816.9426
Karim Lamido,-0.015017323,286,6901.537,Taraba,9.236293784,10.97055672,434.825,298359.3257
Kurmi,-0.003895772,430,4969.12,Taraba,7.229056229,10.66791205,358.321,91719.0622
Lau,-0.009198856,297,1817.237,Taraba,9.174284834,11.52091739,194.063,163365.4308
Sardauna,0.005587995,473,4933.586,Taraba,6.894977786,11.25038229,369.83,276098.3302
Takum,-0.014141797,440,1554.192,Taraba,7.428880038,10.06740137,172.466,317266.405
Ussa,0.005963811,485,2458.809,Taraba,7.004542581,9.922402668,269.256,137197.7931
Wukari,-0.013020978,367,3801.356,Taraba,7.976299496,9.814869386,349.01,466232.8796
Yorro,0.005508152,317,1337.907,Taraba,8.886942855,11.63680906,212.561,212386.2648
Zing,0.010589746,322,891.351,Taraba,8.901708746,11.8274167,124.944,475688.3857
Bade,-0.004622853,772,817.26,Yobe,12.71046002,10.89590789,216.207,164042.0041
Bursari,0.003108809,45,3889.682,Yobe,12.71147029,11.42243002,251.058,137131.8983
Damaturu,0.022161001,135,2450.811,Yobe,11.80366475,12.01977786,216.201,262969.6283
Fika,0.002943455,175,2117.579,Yobe,11.3771508,11.27834675,233.79,224547.9183
Fune,0.004753063,92,4995.274,Yobe,11.8165905,11.44856204,323.687,279803.4139
Geidam,0.003603096,42,4303.837,Yobe,12.64598151,12.08018802,280.586,211704.5372
Gujba,-0.007651559,176,3351.005,Yobe,11.36346891,12.00868012,268.564,232536.0499
Gulani,-0.01247922,208,2328.545,Yobe,10.94691609,11.74743179,234.289,208964.1637
Jakusko,0.002044899,56,3908.839,Yobe,12.40609219,10.91499655,290.617,169834.2828
Karasuwa,0.005141528,27,1161.392,Yobe,12.93724777,10.74710239,201.644,102878.621
Machina,-0.000366,18,1243.824,Yobe,13.02614718,9.998433484,180.189,106158.0236
Nangere,0.048984064,129,998.029,Yobe,11.7931178,10.99906405,159.144,202819.9121
Nguru,0.009542132,25,946.864,Yobe,12.94592461,10.3635697,131.456,160624.3462
Potiskum,0.071719732,159,553.724,Yobe,11.69981758,11.19555791,99.835,435233.3322
Tarmuwa,-0.000991,86,4504.328,Yobe,12.21004838,11.82883726,319.692,129830.2395
Yunusari,0.004352377,10,3880.036,Yobe,13.10450137,11.74730105,347.123,208196.5167
Yusufari,0.002478698,9,4292.148,Yobe,13.16310127,10.85230728,376.191,172082.914
Anka,-0.00033,102,2414.346,Zamfara,11.95629224,6.056730414,230.913,147432.8472
Bakura,0.040151909,59,2366.145,Zamfara,12.52981379,5.836028831,203.482,156087.663
Birnin-Magaji-Kiyaw,0.000118,73,1112.499,Zamfara,12.4825398,6.893006424,144.461,195741.5361
Bukkuyum,-0.005577652,105,3128.65,Zamfara,11.93120186,5.700714154,247.598,237082.1594
Bungudu,0.03064773,87,1728.315,Zamfara,12.17479268,6.549680925,255.969,322814.8375
Gummi,0.005618319,111,3263.867,Zamfara,11.98370416,5.270665528,249.896,271521.3309
Gusau,0.103958573,93,3062.505,Zamfara,11.9126915,6.766807688,413.17,465871.2747
Kaura Namoda,0.040189567,67,677.842,Zamfara,12.53641215,6.593420659,141.58,261690.0572
Maradun,-0.006153864,34,2331.225,Zamfara,12.75167786,6.274630648,235.205,181721.3912
Maru,0.008840139,773,7795.261,Zamfara,11.48607841,6.342002919,536.5,380663.8793
Shinkafi,0.000263,22,920.291,Zamfara,13.01383395,6.472302265,144.767,130267.2089
Talata Mafara,0.02086543,75,1015.738,Zamfara,12.36682636,6.116023814,135.481,190256.4587
Tsafe,0.011178933,124,2060.054,Zamfara,11.93082803,6.926340563,191.971,264298.4493
Zurmi,-0.000399,756,2782.613,Zamfara,12.83184429,6.781314483,282.126,251731.8971
